Country,Current rate of motorization (2016) (number of vehicles per 1000 people),"Scoring: 
Low: <100, Medium: 100-200, 
High: >200",Score,Source(s)
Burundi,4.000613758,Low motorization rate,0.3333333333,
DR Congo,0.7268364225,Low motorization rate,0.3333333333,
Kenya,53.90677084,Low motorization rate,0.3333333333,
Rwanda,15.2162884,Low motorization rate,0.3333333333,
Somalia,4.159912997,Low motorization rate,0.3333333333,
South Sudan,6.29372304,Low motorization rate,0.3333333333,
Tanzania,37.99868615,Low motorization rate,0.3333333333,
Uganda,24.50252074,Low motorization rate,0.3333333333,
