Country,Year,CO2 from fuel combustion,Transport CO2,% of CO2 from Transport,"Scoring: 
Low: 0-33%, Medium: 33%-66.67%, High: 66.67%-100%",Score,Source(s)
Burundi,2020.0,710.5,568.3,0.799859254,High,1.0,
DR Congo,2020.0,2329.5,2320.9,0.9963082206,High,1.0,
Kenya,2020.0,15754.8,10399.5,0.6600845457,Medium,0.6666666667,
Rwanda,2020.0,1232.6,580.9,0.4712802207,Medium,0.6666666667,
Somalia,2020.0,660.4,142.2,0.215324046,Low,0.3333333333,
South Sudan,2020.0,1742.7,900.1,0.5164973891,Medium,0.6666666667,
Tanzania,2020.0,11918.5,6611.0,0.5546838948,Medium,0.6666666667,
Uganda,2020.0,5142.2,3391.3,0.6595037144,Medium,0.6666666667,
