Country,National Target (2023) link,EV Incentives (2023) link,Additional Capacity for 30% EVs (multiplication factor) (2016-2022) link,"Reliability (yearly average time without electricity, hours, various dates. SAIDI scores in yellow highlight. WBES scores w/o hightlight) (2010-2023) link",Current Rate of Motorization (2016) link,EV Charging Infrastructure (2024) link,ERI Score (2022) link,"Operating cost and debt service recovery, including subsidies (2019) link",Relative Affordability - Gas vs Charging (EV cost per 100 miles / ICE cost per 100 miles) (2022-2024) link,"Borrowed any money 
from a formal financial institution 
or using a mobile money account (% age 15+) link",,"Average 
(Including 
Enabling Policies)",Category scores for country averages,Country_1
Burundi,0.3333333333,0.3333333333,0.6666666667,0.3333333333,0.3333333333,Not Found,0.3333333333,1,1,Not Found,0.6111111111,0.5416666667,Medium,
DR Congo,0.3333333333,1,0.6666666667,0.3333333333,0.3333333333,0.33,0.6666666667,0.3333333333,1,0.3333333333,0.4995833333,0.533,Medium,Not included in map due to lack of sufficient data 
Kenya,1,1,0.3333333333,0.3333333333,0.3333333333,0.67,0.6666666667,0.6666666667,1,1,0.6254166667,0.7003333333,High,
Rwanda,1,1,1,0.6666666667,0.3333333333,0.33,0.6666666667,0.6666666667,1,Not Found,0.6661904762,0.7403703704,High,
Somalia,0.3333333333,0.3333333333,1,Not Found,0.3333333333,0.67,Not Found,Not Found,1,Not Found,0.7508333333,0.6116666667,Medium,Not included in map due to lack of sufficient data 
South Sudan,0.3333333333,0.3333333333,0.3333333333,0.6666666667,0.3333333333,0.33,Not Found,Not Found,0.6666666667,0.3333333333,0.4438888889,0.41625,Low,Not included in map due to lack of sufficient data 
Tanzania,0.3333333333,0.3333333333,0.3333333333,0.6666666667,0.3333333333,0.33,0.6666666667,1,1,0.3333333333,0.5829166667,0.533,Medium,
Uganda,0.3333333333,1,0.6666666667,0.3333333333,0.3333333333,0.33,1,1,1,0.6666666667,0.66625,0.6663333333,Medium,
