Station Name,Provider,County/Region,Coordinates,charger types,Number of Ports,Pricing,Payment Methods,Car Model supported,Operating hours,Status,Average Rating
Sarit Centre Hub A,EVChaja,Nairobi,"-1.2588, 36.8037",AC Type 2 (22kW),4,KSh 35/kWh,"M-Pesa, App","BYD Atto 3, Nissan Leaf, Tesla Model 3, Hyundai Kona, Roam Air, BasiGo E-Bus, VW e-Golf",06:00 - 22:00,Operational,4.5
Two Rivers Mall Fast Charge,EVChaja,Nairobi,"-1.2131, 36.7925",DC CCS2 Fast (50kW),2,KSh 45/kWh,"M-Pesa, App, Card","BYD Atto 3, Nissan Leaf, Tesla Model 3, Hyundai Kona, Roam Air, BasiGo E-Bus, VW e-Golf",24/7,Operational,4.7
Waterfront Mall Karen,Asaph Green Mobility,Nairobi,"-1.3411, 36.7166",AC Type 2 (22kW),2,KSh 40/kWh,"M-Pesa, App","BYD Atto 3, Nissan Leaf, Tesla Model 3, Hyundai Kona, Roam Air, BasiGo E-Bus, VW e-Golf",07:00 - 21:00,Operational,4.2
Mega City Mall Kisumu,EVChaja,Kisumu,"-0.1062, 34.7705",AC Type 2 (22kW),2,KSh 35/kWh,"M-Pesa, App","BYD Atto 3, Nissan Leaf, Tesla Model 3, Hyundai Kona, Roam Air, BasiGo E-Bus, VW e-Golf",08:00 - 20:00,Operational,4.0
City Mall Nyali,EVChaja,Mombasa,"-4.0194, 39.7289",AC Type 2 (22kW),2,KSh 35/kWh,"M-Pesa, App","BYD Atto 3, Nissan Leaf, Tesla Model 3, Hyundai Kona, Roam Air, BasiGo E-Bus, VW e-Golf",08:00 - 22:00,Operational,4.3
Rubis Westlands Station,BasiGo,Nairobi,"-1.2615, 36.8045",DC CCS2 Fast (120kW),4,KSh 50/kWh,"M-Pesa, Card","BasiGo E-Bus, BYD",24/7,Operational,4.8
KPLC Stima Plaza Hub,Kenya Power (KPLC),Nairobi,"-1.2741, 36.8242",DC CCS2 Fast (50kW),3,KSh 30/kWh,"M-Pesa, Token","BYD Atto 3, Nissan Leaf, Tesla Model 3, Hyundai Kona, Roam Air, BasiGo E-Bus, VW e-Golf",24/7,Operational,4.1
Westgate Shopping Mall,ChargeNet,Nairobi,"-1.2570, 36.8028",AC Type 2 (22kW),2,KSh 40/kWh,"M-Pesa, App","BYD Atto 3, Nissan Leaf, Tesla Model 3, Hyundai Kona, Roam Air, BasiGo E-Bus, VW e-Golf",08:00 - 22:00,Operational,4.4
Thika Road Mall (TRM),MojaEV,Nairobi,"-1.2215, 36.8821",GB/T Fast DC (60kW),2,KSh 42/kWh,"M-Pesa, Card","MojaEV, BYD, Tesla",07:00 - 23:00,Operational,4.3
The Hub Karen,Asaph Green Mobility,Nairobi,"-1.3201, 36.7011",DC CCS2 Fast (50kW),2,KSh 45/kWh,"M-Pesa, App","BYD Atto 3, Nissan Leaf, Tesla Model 3, Hyundai Kona, Roam Air, BasiGo E-Bus, VW e-Golf",07:00 - 22:00,Operational,4.6
Cedar Mall Nanyuki,ChargeNet,Laikipia,"0.0166, 36.9030",AC Type 2 (22kW),2,KSh 40/kWh,"M-Pesa, App","BYD Atto 3, Nissan Leaf, Tesla Model 3, Hyundai Kona, Roam Air, BasiGo E-Bus, VW e-Golf",08:00 - 21:00,Operational,4.5
Westside Mall Nakuru,Kenya Power (KPLC),Nakuru,"-0.2882, 36.0621",AC Type 2 (22kW),2,KSh 35/kWh,"M-Pesa, Token","BYD Atto 3, Nissan Leaf, Tesla Model 3, Hyundai Kona, Roam Air, BasiGo E-Bus, VW e-Golf",08:00 - 22:00,Operational,4.2
Nyeri EcoCharge Hub 19,Roam Electric,Nyeri County,"-0.3935, 36.9612",DC CCS2 Fast (120kW),3,KSh 48/kWh,"M-Pesa, Credit Card, Mobile App","BYD Atto 3, Nissan Leaf, Tesla Model 3, Hyundai Kona, Roam Air, BasiGo E-Bus, VW e-Golf",24/7,Maintenance,4.0
Kisumu Business Center Hub 6,Kenya Power (KPLC),Kisumu County,"-0.0552, 34.7949",DC CCS2 Fast (50kW),4,KSh 45/kWh,"M-Pesa, Credit Card, Mobile App","BYD Atto 3, Nissan Leaf, Tesla Model 3, Hyundai Kona, Roam Air, BasiGo E-Bus, VW e-Golf",24/7,Maintenance,4.5
Taita-Taveta Green Mobility Zone 10,Roam Electric,Taita-Taveta County,"-3.4195, 38.3296",AC Type 1 & 2 Dual (11kW),4,KSh 40/kWh,"M-Pesa, Credit Card, Mobile App","BYD Atto 3, Nissan Leaf, Tesla Model 3, Hyundai Kona, Roam Air, BasiGo E-Bus, VW e-Golf",07:00 - 21:00,Operational,3.9
Kisumu Highway Transit Point 5,Roam Electric,Kisumu County,"-0.0539, 34.7584",DC CCS2 Fast (120kW),6,KSh 33/kWh,"M-Pesa, Credit Card, Mobile App","BYD Atto 3, Nissan Leaf, Tesla Model 3, Hyundai Kona, Roam Air, BasiGo E-Bus, VW e-Golf",07:00 - 21:00,Operational,4.9
Narok Shell Station 2,Kenya Power (KPLC),Narok County,"-1.0899, 35.8117",AC Type 1 & 2 Dual (11kW),4,KSh 39/kWh,"M-Pesa, Credit Card, Mobile App","BYD Atto 3, Nissan Leaf, Tesla Model 3, Hyundai Kona, Roam Air, BasiGo E-Bus, VW e-Golf",08:00 - 20:00,Operational,4.5
Uasin Gishu Rubis Energy Plaza 8,ChargeNet,Uasin Gishu County,"-0.4734, 35.2457",AC Type 1 & 2 Dual (11kW),2,KSh 54/kWh,"M-Pesa, Credit Card, Mobile App","BYD Atto 3, Nissan Leaf, Tesla Model 3, Hyundai Kona, Roam Air, BasiGo E-Bus, VW e-Golf",06:00 - 22:00,Operational,4.5
Machakos Shell Station 4,Asaph Green Mobility,Machakos County,"-1.4902, 37.3073",CHAdeMO / CCS2 Dual,4,KSh 49/kWh,"M-Pesa, Credit Card, Mobile App","BYD Atto 3, Nissan Leaf, Tesla Model 3, Hyundai Kona, Roam Air, BasiGo E-Bus, VW e-Golf",06:00 - 22:00,Maintenance,4.8
Taita-Taveta Business Center Hub 13,MojaEV,Taita-Taveta County,"-3.3899, 38.3649",AC Type 2 (22kW),6,KSh 39/kWh,"M-Pesa, Credit Card, Mobile App","BYD Atto 3, Nissan Leaf, Tesla Model 3, Hyundai Kona, Roam Air, BasiGo E-Bus, VW e-Golf",24/7,Operational,3.8
Kajiado TotalEnergies Service Station 11,Arc Ride,Kajiado County,"-1.5335, 36.7415",DC CCS2 Fast (120kW),1,KSh 32/kWh,"M-Pesa, Credit Card, Mobile App","BYD Atto 3, Nissan Leaf, Tesla Model 3, Hyundai Kona, Roam Air, BasiGo E-Bus, VW e-Golf",07:00 - 21:00,Operational,4.7
Kiambu Highway Transit Point 9,MojaEV,Kiambu County,"-1.1330, 37.0021",AC Type 1 & 2 Dual (11kW),2,KSh 25/kWh,"M-Pesa, Credit Card, Mobile App","BYD Atto 3, Nissan Leaf, Tesla Model 3, Hyundai Kona, Roam Air, BasiGo E-Bus, VW e-Golf",08:00 - 20:00,Operational,4.2
Uasin Gishu Rubis Energy Plaza 3,Asaph Green Mobility,Uasin Gishu County,"-0.5052, 35.2473",AC Type 2 (22kW),3,KSh 29/kWh,"M-Pesa, Credit Card, Mobile App","BYD Atto 3, Nissan Leaf, Tesla Model 3, Hyundai Kona, Roam Air, BasiGo E-Bus, VW e-Golf",07:00 - 21:00,Operational,4.8
Kiambu Highway Transit Point 9,MojaEV,Kiambu County,"-1.1210, 36.9600",DC CCS2 Fast (50kW),2,KSh 52/kWh,"M-Pesa, Credit Card, Mobile App","BYD Atto 3, Nissan Leaf, Tesla Model 3, Hyundai Kona, Roam Air, BasiGo E-Bus, VW e-Golf",24/7,Operational,3.8
Nyeri Mall Parking Plaza 5,EVChaja,Nyeri County,"-0.4152, 36.9711",GB/T Fast DC (60kW),3,KSh 53/kWh,"M-Pesa, Credit Card, Mobile App","BYD Atto 3, Nissan Leaf, Tesla Model 3, Hyundai Kona, Roam Air, BasiGo E-Bus, VW e-Golf",08:00 - 20:00,Operational,3.9
Laikipia Community Charge Point 6,BasiGo,Laikipia County,"0.0541, 36.9148",AC Type 1 & 2 Dual (11kW),4,KSh 36/kWh,"M-Pesa, Credit Card, Mobile App","BYD Atto 3, Nissan Leaf, Tesla Model 3, Hyundai Kona, Roam Air, BasiGo E-Bus, VW e-Golf",08:00 - 20:00,Maintenance,4.9
Laikipia E-Drive Station 1,Arc Ride,Laikipia County,"-0.0217, 36.8880",AC Type 2 (22kW),1,KSh 51/kWh,"M-Pesa, Credit Card, Mobile App","BYD Atto 3, Nissan Leaf, Tesla Model 3, Hyundai Kona, Roam Air, BasiGo E-Bus, VW e-Golf",06:00 - 22:00,Operational,4.8
Kajiado Highway Transit Point 5,BasiGo,Kajiado County,"-1.5369, 36.7943",AC Type 2 (22kW),3,KSh 34/kWh,"M-Pesa, Credit Card, Mobile App","BYD Atto 3, Nissan Leaf, Tesla Model 3, Hyundai Kona, Roam Air, BasiGo E-Bus, VW e-Golf",08:00 - 20:00,Maintenance,4.9
Machakos County Headquarter Station 17,Arc Ride,Machakos County,"-1.4974, 37.2498",DC CCS2 Fast (50kW),4,KSh 36/kWh,"M-Pesa, Credit Card, Mobile App","BYD Atto 3, Nissan Leaf, Tesla Model 3, Hyundai Kona, Roam Air, BasiGo E-Bus, VW e-Golf",06:00 - 22:00,Operational,4.4
Nairobi TotalEnergies Service Station 2,Asaph Green Mobility,Nairobi County,"-1.2423, 36.7986",DC CCS2 Fast (50kW),4,KSh 46/kWh,"M-Pesa, Credit Card, Mobile App","BYD Atto 3, Nissan Leaf, Tesla Model 3, Hyundai Kona, Roam Air, BasiGo E-Bus, VW e-Golf",07:00 - 21:00,Operational,4.2
Nairobi Shell Station 6,BasiGo,Nairobi County,"-1.2890, 36.8167",AC Type 1 & 2 Dual (11kW),3,KSh 48/kWh,"M-Pesa, Credit Card, Mobile App","BYD Atto 3, Nissan Leaf, Tesla Model 3, Hyundai Kona, Roam Air, BasiGo E-Bus, VW e-Golf",07:00 - 21:00,Operational,4.7
Uasin Gishu Mall Parking Plaza 16,Asaph Green Mobility,Uasin Gishu County,"-0.4660, 35.2597",AC Type 2 (22kW),1,KSh 52/kWh,"M-Pesa, Credit Card, Mobile App","BYD Atto 3, Nissan Leaf, Tesla Model 3, Hyundai Kona, Roam Air, BasiGo E-Bus, VW e-Golf",07:00 - 21:00,Operational,4.6
Kisumu PowerPlug Station 3,Roam Electric,Kisumu County,"-0.0844, 34.7134",DC CCS2 Fast (120kW),4,KSh 31/kWh,"M-Pesa, Credit Card, Mobile App","BYD Atto 3, Nissan Leaf, Tesla Model 3, Hyundai Kona, Roam Air, BasiGo E-Bus, VW e-Golf",08:00 - 20:00,Operational,4.6
Nyeri County Headquarter Station 18,MojaEV,Nyeri County,"-0.4577, 36.9356",CHAdeMO / CCS2 Dual,2,KSh 27/kWh,"M-Pesa, Credit Card, Mobile App","BYD Atto 3, Nissan Leaf, Tesla Model 3, Hyundai Kona, Roam Air, BasiGo E-Bus, VW e-Golf",07:00 - 21:00,Maintenance,4.0
Kajiado PowerPlug Station 12,Roam Electric,Kajiado County,"-1.5273, 36.8405",GB/T Fast DC (60kW),6,KSh 51/kWh,"M-Pesa, Credit Card, Mobile App","BYD Atto 3, Nissan Leaf, Tesla Model 3, Hyundai Kona, Roam Air, BasiGo E-Bus, VW e-Golf",07:00 - 21:00,Operational,4.1
Kisumu Rubis Energy Plaza 1,Arc Ride,Kisumu County,"-0.0666, 34.7522",AC Type 1 & 2 Dual (11kW),3,KSh 41/kWh,"M-Pesa, Credit Card, Mobile App","BYD Atto 3, Nissan Leaf, Tesla Model 3, Hyundai Kona, Roam Air, BasiGo E-Bus, VW e-Golf",08:00 - 20:00,Maintenance,4.9
Nakuru Rubis Energy Plaza 18,Kenya Power (KPLC),Nakuru County,"-0.3159, 36.1240",CHAdeMO / CCS2 Dual,2,KSh 26/kWh,"M-Pesa, Credit Card, Mobile App","BYD Atto 3, Nissan Leaf, Tesla Model 3, Hyundai Kona, Roam Air, BasiGo E-Bus, VW e-Golf",06:00 - 22:00,Operational,4.6
Kajiado TotalEnergies Service Station 16,Roam Electric,Kajiado County,"-1.5516, 36.7903",AC Type 1 & 2 Dual (11kW),3,KSh 41/kWh,"M-Pesa, Credit Card, Mobile App","BYD Atto 3, Nissan Leaf, Tesla Model 3, Hyundai Kona, Roam Air, BasiGo E-Bus, VW e-Golf",08:00 - 20:00,Operational,4.5
Laikipia Community Charge Point 6,BasiGo,Laikipia County,"-0.0074, 36.8768",CHAdeMO / CCS2 Dual,6,KSh 43/kWh,"M-Pesa, Credit Card, Mobile App","BYD Atto 3, Nissan Leaf, Tesla Model 3, Hyundai Kona, Roam Air, BasiGo E-Bus, VW e-Golf",06:00 - 22:00,Maintenance,4.6
Mombasa TotalEnergies Service Station 5,Asaph Green Mobility,Mombasa County,"-4.0358, 39.6675",AC Type 1 & 2 Dual (11kW),6,KSh 40/kWh,"M-Pesa, Credit Card, Mobile App","BYD Atto 3, Nissan Leaf, Tesla Model 3, Hyundai Kona, Roam Air, BasiGo E-Bus, VW e-Golf",07:00 - 21:00,Maintenance,3.8
Nairobi TotalEnergies Service Station 14,Arc Ride,Nairobi County,"-1.2426, 36.8189",GB/T Fast DC (60kW),3,KSh 52/kWh,"M-Pesa, Credit Card, Mobile App","BYD Atto 3, Nissan Leaf, Tesla Model 3, Hyundai Kona, Roam Air, BasiGo E-Bus, VW e-Golf",24/7,Operational,4.9
Nairobi Business Center Hub 1,Kenya Power (KPLC),Nairobi County,"-1.2849, 36.8699",DC CCS2 Fast (120kW),2,KSh 49/kWh,"M-Pesa, Credit Card, Mobile App","BYD Atto 3, Nissan Leaf, Tesla Model 3, Hyundai Kona, Roam Air, BasiGo E-Bus, VW e-Golf",06:00 - 22:00,Operational,4.8
Kisumu County Headquarter Station 2,Arc Ride,Kisumu County,"-0.1313, 34.7788",DC CCS2 Fast (120kW),2,KSh 26/kWh,"M-Pesa, Credit Card, Mobile App","BYD Atto 3, Nissan Leaf, Tesla Model 3, Hyundai Kona, Roam Air, BasiGo E-Bus, VW e-Golf",06:00 - 22:00,Operational,4.8
Kajiado Community Charge Point 3,BasiGo,Kajiado County,"-1.5175, 36.7703",DC CCS2 Fast (50kW),1,KSh 48/kWh,"M-Pesa, Credit Card, Mobile App","BYD Atto 3, Nissan Leaf, Tesla Model 3, Hyundai Kona, Roam Air, BasiGo E-Bus, VW e-Golf",24/7,Maintenance,4.4
Kajiado Mall Parking Plaza 16,Roam Electric,Kajiado County,"-1.4884, 36.8111",CHAdeMO / CCS2 Dual,4,KSh 43/kWh,"M-Pesa, Credit Card, Mobile App","BYD Atto 3, Nissan Leaf, Tesla Model 3, Hyundai Kona, Roam Air, BasiGo E-Bus, VW e-Golf",07:00 - 21:00,Operational,4.3
Mombasa Highway Transit Point 17,Arc Ride,Mombasa County,"-4.0263, 39.6510",AC Type 1 & 2 Dual (11kW),2,KSh 30/kWh,"M-Pesa, Credit Card, Mobile App","BYD Atto 3, Nissan Leaf, Tesla Model 3, Hyundai Kona, Roam Air, BasiGo E-Bus, VW e-Golf",07:00 - 21:00,Operational,4.4
Kiambu County Headquarter Station 5,EVChaja,Kiambu County,"-1.1211, 36.9322",AC Type 1 & 2 Dual (11kW),6,KSh 44/kWh,"M-Pesa, Credit Card, Mobile App","BYD Atto 3, Nissan Leaf, Tesla Model 3, Hyundai Kona, Roam Air, BasiGo E-Bus, VW e-Golf",06:00 - 22:00,Operational,4.6
Uasin Gishu Shell Station 17,Roam Electric,Uasin Gishu County,"-0.5127, 35.2521",DC CCS2 Fast (120kW),4,KSh 50/kWh,"M-Pesa, Credit Card, Mobile App","BYD Atto 3, Nissan Leaf, Tesla Model 3, Hyundai Kona, Roam Air, BasiGo E-Bus, VW e-Golf",07:00 - 21:00,Operational,3.8
Kiambu Highway Transit Point 1,Kenya Power (KPLC),Kiambu County,"-1.1553, 36.9794",DC CCS2 Fast (50kW),2,KSh 25/kWh,"M-Pesa, Credit Card, Mobile App","BYD Atto 3, Nissan Leaf, Tesla Model 3, Hyundai Kona, Roam Air, BasiGo E-Bus, VW e-Golf",07:00 - 21:00,Operational,4.1
Machakos Green Mobility Zone 16,Arc Ride,Machakos County,"-1.5017, 37.2414",GB/T Fast DC (60kW),6,KSh 46/kWh,"M-Pesa, Credit Card, Mobile App","BYD Atto 3, Nissan Leaf, Tesla Model 3, Hyundai Kona, Roam Air, BasiGo E-Bus, VW e-Golf",24/7,Operational,3.9
Kilifi Rubis Energy Plaza 14,Arc Ride,Kilifi County,"-3.6049, 39.8013",AC Type 1 & 2 Dual (11kW),6,KSh 39/kWh,"M-Pesa, Credit Card, Mobile App","BYD Atto 3, Nissan Leaf, Tesla Model 3, Hyundai Kona, Roam Air, BasiGo E-Bus, VW e-Golf",24/7,Operational,4.8
Nakuru PowerPlug Station 7,Asaph Green Mobility,Nakuru County,"-0.3514, 36.1063",AC Type 1 & 2 Dual (11kW),1,KSh 54/kWh,"M-Pesa, Credit Card, Mobile App","BYD Atto 3, Nissan Leaf, Tesla Model 3, Hyundai Kona, Roam Air, BasiGo E-Bus, VW e-Golf",06:00 - 22:00,Operational,4.3
Kilifi Business Center Hub 10,Kenya Power (KPLC),Kilifi County,"-3.5920, 39.8260",DC CCS2 Fast (50kW),3,KSh 50/kWh,"M-Pesa, Credit Card, Mobile App","BYD Atto 3, Nissan Leaf, Tesla Model 3, Hyundai Kona, Roam Air, BasiGo E-Bus, VW e-Golf",08:00 - 20:00,Operational,4.4
Taita-Taveta County Headquarter Station 12,Roam Electric,Taita-Taveta County,"-3.3542, 38.3628",DC CCS2 Fast (50kW),3,KSh 52/kWh,"M-Pesa, Credit Card, Mobile App","BYD Atto 3, Nissan Leaf, Tesla Model 3, Hyundai Kona, Roam Air, BasiGo E-Bus, VW e-Golf",24/7,Operational,4.8
Laikipia PowerPlug Station 10,Asaph Green Mobility,Laikipia County,"0.0047, 36.9485",DC CCS2 Fast (120kW),4,KSh 53/kWh,"M-Pesa, Credit Card, Mobile App","BYD Atto 3, Nissan Leaf, Tesla Model 3, Hyundai Kona, Roam Air, BasiGo E-Bus, VW e-Golf",24/7,Maintenance,3.9
Mombasa Rubis Energy Plaza 8,Asaph Green Mobility,Mombasa County,"-4.0317, 39.6519",GB/T Fast DC (60kW),2,KSh 34/kWh,"M-Pesa, Credit Card, Mobile App","BYD Atto 3, Nissan Leaf, Tesla Model 3, Hyundai Kona, Roam Air, BasiGo E-Bus, VW e-Golf",06:00 - 22:00,Operational,4.8
Kajiado Mall Parking Plaza 11,ChargeNet,Kajiado County,"-1.4841, 36.7757",GB/T Fast DC (60kW),4,KSh 49/kWh,"M-Pesa, Credit Card, Mobile App","BYD Atto 3, Nissan Leaf, Tesla Model 3, Hyundai Kona, Roam Air, BasiGo E-Bus, VW e-Golf",24/7,Operational,4.1
Kilifi Green Mobility Zone 3,Asaph Green Mobility,Kilifi County,"-3.6238, 39.8575",AC Type 1 & 2 Dual (11kW),2,KSh 41/kWh,"M-Pesa, Credit Card, Mobile App","BYD Atto 3, Nissan Leaf, Tesla Model 3, Hyundai Kona, Roam Air, BasiGo E-Bus, VW e-Golf",07:00 - 21:00,Maintenance,4.2
Kiambu TotalEnergies Service Station 3,Roam Electric,Kiambu County,"-1.1301, 36.9846",AC Type 2 (22kW),1,KSh 41/kWh,"M-Pesa, Credit Card, Mobile App","BYD Atto 3, Nissan Leaf, Tesla Model 3, Hyundai Kona, Roam Air, BasiGo E-Bus, VW e-Golf",06:00 - 22:00,Maintenance,4.8
Machakos EcoCharge Hub 9,Asaph Green Mobility,Machakos County,"-1.5577, 37.2187",DC CCS2 Fast (120kW),4,KSh 33/kWh,"M-Pesa, Credit Card, Mobile App","BYD Atto 3, Nissan Leaf, Tesla Model 3, Hyundai Kona, Roam Air, BasiGo E-Bus, VW e-Golf",07:00 - 21:00,Maintenance,4.9
Nakuru E-Drive Station 3,BasiGo,Nakuru County,"-0.2899, 36.0748",AC Type 1 & 2 Dual (11kW),1,KSh 44/kWh,"M-Pesa, Credit Card, Mobile App","BYD Atto 3, Nissan Leaf, Tesla Model 3, Hyundai Kona, Roam Air, BasiGo E-Bus, VW e-Golf",07:00 - 21:00,Operational,4.7
Nyeri Green Mobility Zone 7,Arc Ride,Nyeri County,"-0.4602, 36.9946",CHAdeMO / CCS2 Dual,2,KSh 29/kWh,"M-Pesa, Credit Card, Mobile App","BYD Atto 3, Nissan Leaf, Tesla Model 3, Hyundai Kona, Roam Air, BasiGo E-Bus, VW e-Golf",07:00 - 21:00,Operational,4.5
Laikipia PowerPlug Station 17,MojaEV,Laikipia County,"0.0349, 36.9361",GB/T Fast DC (60kW),6,KSh 32/kWh,"M-Pesa, Credit Card, Mobile App","BYD Atto 3, Nissan Leaf, Tesla Model 3, Hyundai Kona, Roam Air, BasiGo E-Bus, VW e-Golf",06:00 - 22:00,Operational,4.8
Kilifi Business Center Hub 8,MojaEV,Kilifi County,"-3.6294, 39.8232",GB/T Fast DC (60kW),1,KSh 46/kWh,"M-Pesa, Credit Card, Mobile App","BYD Atto 3, Nissan Leaf, Tesla Model 3, Hyundai Kona, Roam Air, BasiGo E-Bus, VW e-Golf",08:00 - 20:00,Operational,4.9
Kajiado Mall Parking Plaza 19,Asaph Green Mobility,Kajiado County,"-1.5184, 36.8117",GB/T Fast DC (60kW),4,KSh 46/kWh,"M-Pesa, Credit Card, Mobile App","BYD Atto 3, Nissan Leaf, Tesla Model 3, Hyundai Kona, Roam Air, BasiGo E-Bus, VW e-Golf",07:00 - 21:00,Operational,4.1
Kisumu Rubis Energy Plaza 8,ChargeNet,Kisumu County,"-0.1268, 34.7522",GB/T Fast DC (60kW),1,KSh 31/kWh,"M-Pesa, Credit Card, Mobile App","BYD Atto 3, Nissan Leaf, Tesla Model 3, Hyundai Kona, Roam Air, BasiGo E-Bus, VW e-Golf",24/7,Operational,4.5
Kajiado PowerPlug Station 6,ChargeNet,Kajiado County,"-1.5248, 36.8278",GB/T Fast DC (60kW),2,KSh 36/kWh,"M-Pesa, Credit Card, Mobile App","BYD Atto 3, Nissan Leaf, Tesla Model 3, Hyundai Kona, Roam Air, BasiGo E-Bus, VW e-Golf",24/7,Maintenance,4.5
Kiambu Community Charge Point 4,Arc Ride,Kiambu County,"-1.1056, 37.0025",DC CCS2 Fast (120kW),3,KSh 44/kWh,"M-Pesa, Credit Card, Mobile App","BYD Atto 3, Nissan Leaf, Tesla Model 3, Hyundai Kona, Roam Air, BasiGo E-Bus, VW e-Golf",24/7,Operational,4.0
Nairobi TotalEnergies Service Station 16,Kenya Power (KPLC),Nairobi County,"-1.2793, 36.8303",AC Type 2 (22kW),3,KSh 36/kWh,"M-Pesa, Credit Card, Mobile App","BYD Atto 3, Nissan Leaf, Tesla Model 3, Hyundai Kona, Roam Air, BasiGo E-Bus, VW e-Golf",06:00 - 22:00,Maintenance,3.9
Machakos County Headquarter Station 4,Roam Electric,Machakos County,"-1.5057, 37.2411",DC CCS2 Fast (50kW),2,KSh 52/kWh,"M-Pesa, Credit Card, Mobile App","BYD Atto 3, Nissan Leaf, Tesla Model 3, Hyundai Kona, Roam Air, BasiGo E-Bus, VW e-Golf",06:00 - 22:00,Maintenance,3.9
Kajiado EcoCharge Hub 1,Roam Electric,Kajiado County,"-1.4836, 36.7945",GB/T Fast DC (60kW),4,KSh 37/kWh,"M-Pesa, Credit Card, Mobile App","BYD Atto 3, Nissan Leaf, Tesla Model 3, Hyundai Kona, Roam Air, BasiGo E-Bus, VW e-Golf",08:00 - 20:00,Maintenance,4.0
Kisumu Community Charge Point 15,Asaph Green Mobility,Kisumu County,"-0.0572, 34.7843",AC Type 2 (22kW),2,KSh 34/kWh,"M-Pesa, Credit Card, Mobile App","BYD Atto 3, Nissan Leaf, Tesla Model 3, Hyundai Kona, Roam Air, BasiGo E-Bus, VW e-Golf",08:00 - 20:00,Operational,4.8
Taita-Taveta Highway Transit Point 18,Asaph Green Mobility,Taita-Taveta County,"-3.4075, 38.3462",AC Type 2 (22kW),3,KSh 45/kWh,"M-Pesa, Credit Card, Mobile App","BYD Atto 3, Nissan Leaf, Tesla Model 3, Hyundai Kona, Roam Air, BasiGo E-Bus, VW e-Golf",06:00 - 22:00,Operational,4.3
Laikipia TotalEnergies Service Station 3,BasiGo,Laikipia County,"0.0499, 36.8993",AC Type 2 (22kW),6,KSh 40/kWh,"M-Pesa, Credit Card, Mobile App","BYD Atto 3, Nissan Leaf, Tesla Model 3, Hyundai Kona, Roam Air, BasiGo E-Bus, VW e-Golf",07:00 - 21:00,Operational,4.6
Kiambu Business Center Hub 5,ChargeNet,Kiambu County,"-1.0984, 36.9661",GB/T Fast DC (60kW),6,KSh 34/kWh,"M-Pesa, Credit Card, Mobile App","BYD Atto 3, Nissan Leaf, Tesla Model 3, Hyundai Kona, Roam Air, BasiGo E-Bus, VW e-Golf",06:00 - 22:00,Operational,4.1
Kajiado TotalEnergies Service Station 1,Kenya Power (KPLC),Kajiado County,"-1.4580, 36.8015",AC Type 2 (22kW),2,KSh 52/kWh,"M-Pesa, Credit Card, Mobile App","BYD Atto 3, Nissan Leaf, Tesla Model 3, Hyundai Kona, Roam Air, BasiGo E-Bus, VW e-Golf",07:00 - 21:00,Maintenance,3.8
Kilifi Community Charge Point 12,MojaEV,Kilifi County,"-3.6035, 39.8519",AC Type 2 (22kW),4,KSh 29/kWh,"M-Pesa, Credit Card, Mobile App","BYD Atto 3, Nissan Leaf, Tesla Model 3, Hyundai Kona, Roam Air, BasiGo E-Bus, VW e-Golf",06:00 - 22:00,Operational,4.8
Nairobi Highway Transit Point 2,Arc Ride,Nairobi County,"-1.2666, 36.8339",DC CCS2 Fast (120kW),3,KSh 31/kWh,"M-Pesa, Credit Card, Mobile App","BYD Atto 3, Nissan Leaf, Tesla Model 3, Hyundai Kona, Roam Air, BasiGo E-Bus, VW e-Golf",06:00 - 22:00,Maintenance,3.8
Machakos Shell Station 19,MojaEV,Machakos County,"-1.5040, 37.2689",DC CCS2 Fast (50kW),4,KSh 49/kWh,"M-Pesa, Credit Card, Mobile App","BYD Atto 3, Nissan Leaf, Tesla Model 3, Hyundai Kona, Roam Air, BasiGo E-Bus, VW e-Golf",06:00 - 22:00,Operational,4.7
Narok Highway Transit Point 4,Kenya Power (KPLC),Narok County,"-1.0760, 35.8799",DC CCS2 Fast (50kW),1,KSh 34/kWh,"M-Pesa, Credit Card, Mobile App","BYD Atto 3, Nissan Leaf, Tesla Model 3, Hyundai Kona, Roam Air, BasiGo E-Bus, VW e-Golf",24/7,Maintenance,3.9
Kiambu Community Charge Point 11,MojaEV,Kiambu County,"-1.1488, 36.9435",DC CCS2 Fast (120kW),3,KSh 43/kWh,"M-Pesa, Credit Card, Mobile App","BYD Atto 3, Nissan Leaf, Tesla Model 3, Hyundai Kona, Roam Air, BasiGo E-Bus, VW e-Golf",07:00 - 21:00,Operational,4.4
Laikipia County Headquarter Station 3,Kenya Power (KPLC),Laikipia County,"-0.0159, 36.9221",DC CCS2 Fast (120kW),3,KSh 53/kWh,"M-Pesa, Credit Card, Mobile App","BYD Atto 3, Nissan Leaf, Tesla Model 3, Hyundai Kona, Roam Air, BasiGo E-Bus, VW e-Golf",08:00 - 20:00,Operational,4.5
Kisumu Business Center Hub 6,BasiGo,Kisumu County,"-0.1353, 34.7396",AC Type 2 (22kW),6,KSh 33/kWh,"M-Pesa, Credit Card, Mobile App","BYD Atto 3, Nissan Leaf, Tesla Model 3, Hyundai Kona, Roam Air, BasiGo E-Bus, VW e-Golf",08:00 - 20:00,Operational,4.9
Nairobi E-Drive Station 15,Kenya Power (KPLC),Nairobi County,"-1.2731, 36.7758",AC Type 2 (22kW),3,KSh 40/kWh,"M-Pesa, Credit Card, Mobile App","BYD Atto 3, Nissan Leaf, Tesla Model 3, Hyundai Kona, Roam Air, BasiGo E-Bus, VW e-Golf",24/7,Operational,4.1
Nairobi TotalEnergies Service Station 15,Arc Ride,Nairobi County,"-1.2824, 36.8705",CHAdeMO / CCS2 Dual,2,KSh 52/kWh,"M-Pesa, Credit Card, Mobile App","BYD Atto 3, Nissan Leaf, Tesla Model 3, Hyundai Kona, Roam Air, BasiGo E-Bus, VW e-Golf",07:00 - 21:00,Operational,4.4
Taita-Taveta EcoCharge Hub 15,MojaEV,Taita-Taveta County,"-3.4234, 38.3397",CHAdeMO / CCS2 Dual,3,KSh 39/kWh,"M-Pesa, Credit Card, Mobile App","BYD Atto 3, Nissan Leaf, Tesla Model 3, Hyundai Kona, Roam Air, BasiGo E-Bus, VW e-Golf",08:00 - 20:00,Operational,4.8
Machakos Rubis Energy Plaza 5,BasiGo,Machakos County,"-1.5435, 37.2403",AC Type 1 & 2 Dual (11kW),2,KSh 31/kWh,"M-Pesa, Credit Card, Mobile App","BYD Atto 3, Nissan Leaf, Tesla Model 3, Hyundai Kona, Roam Air, BasiGo E-Bus, VW e-Golf",24/7,Operational,4.1
Kilifi PowerPlug Station 4,Kenya Power (KPLC),Kilifi County,"-3.6574, 39.8342",DC CCS2 Fast (50kW),3,KSh 33/kWh,"M-Pesa, Credit Card, Mobile App","BYD Atto 3, Nissan Leaf, Tesla Model 3, Hyundai Kona, Roam Air, BasiGo E-Bus, VW e-Golf",24/7,Operational,3.9
Machakos County Headquarter Station 10,MojaEV,Machakos County,"-1.5090, 37.2698",AC Type 2 (22kW),6,KSh 30/kWh,"M-Pesa, Credit Card, Mobile App","BYD Atto 3, Nissan Leaf, Tesla Model 3, Hyundai Kona, Roam Air, BasiGo E-Bus, VW e-Golf",08:00 - 20:00,Operational,4.5
Laikipia EcoCharge Hub 1,Arc Ride,Laikipia County,"0.0648, 36.9130",GB/T Fast DC (60kW),6,KSh 30/kWh,"M-Pesa, Credit Card, Mobile App","BYD Atto 3, Nissan Leaf, Tesla Model 3, Hyundai Kona, Roam Air, BasiGo E-Bus, VW e-Golf",06:00 - 22:00,Operational,4.4
Laikipia County Headquarter Station 19,Kenya Power (KPLC),Laikipia County,"0.0558, 36.8604",GB/T Fast DC (60kW),4,KSh 48/kWh,"M-Pesa, Credit Card, Mobile App","BYD Atto 3, Nissan Leaf, Tesla Model 3, Hyundai Kona, Roam Air, BasiGo E-Bus, VW e-Golf",07:00 - 21:00,Operational,4.3
Narok Mall Parking Plaza 6,BasiGo,Narok County,"-1.1279, 35.9076",DC CCS2 Fast (120kW),1,KSh 26/kWh,"M-Pesa, Credit Card, Mobile App","BYD Atto 3, Nissan Leaf, Tesla Model 3, Hyundai Kona, Roam Air, BasiGo E-Bus, VW e-Golf",07:00 - 21:00,Operational,4.5
Kisumu PowerPlug Station 4,Asaph Green Mobility,Kisumu County,"-0.1317, 34.8085",DC CCS2 Fast (120kW),4,KSh 25/kWh,"M-Pesa, Credit Card, Mobile App","BYD Atto 3, Nissan Leaf, Tesla Model 3, Hyundai Kona, Roam Air, BasiGo E-Bus, VW e-Golf",08:00 - 20:00,Operational,4.4
Nairobi Community Charge Point 4,MojaEV,Nairobi County,"-1.2840, 36.7873",GB/T Fast DC (60kW),3,KSh 27/kWh,"M-Pesa, Credit Card, Mobile App","BYD Atto 3, Nissan Leaf, Tesla Model 3, Hyundai Kona, Roam Air, BasiGo E-Bus, VW e-Golf",24/7,Operational,4.2
Kilifi Highway Transit Point 8,Asaph Green Mobility,Kilifi County,"-3.6258, 39.8201",DC CCS2 Fast (50kW),4,KSh 25/kWh,"M-Pesa, Credit Card, Mobile App","BYD Atto 3, Nissan Leaf, Tesla Model 3, Hyundai Kona, Roam Air, BasiGo E-Bus, VW e-Golf",07:00 - 21:00,Operational,3.8
Kajiado County Headquarter Station 17,BasiGo,Kajiado County,"-1.4928, 36.8203",GB/T Fast DC (60kW),4,KSh 36/kWh,"M-Pesa, Credit Card, Mobile App","BYD Atto 3, Nissan Leaf, Tesla Model 3, Hyundai Kona, Roam Air, BasiGo E-Bus, VW e-Golf",06:00 - 22:00,Operational,4.9
Laikipia Shell Station 8,EVChaja,Laikipia County,"-0.0158, 36.8590",CHAdeMO / CCS2 Dual,4,KSh 53/kWh,"M-Pesa, Credit Card, Mobile App","BYD Atto 3, Nissan Leaf, Tesla Model 3, Hyundai Kona, Roam Air, BasiGo E-Bus, VW e-Golf",08:00 - 20:00,Operational,4.8
Narok Rubis Energy Plaza 14,Kenya Power (KPLC),Narok County,"-1.1120, 35.8916",DC CCS2 Fast (50kW),4,KSh 49/kWh,"M-Pesa, Credit Card, Mobile App","BYD Atto 3, Nissan Leaf, Tesla Model 3, Hyundai Kona, Roam Air, BasiGo E-Bus, VW e-Golf",24/7,Operational,4.3
Uasin Gishu Highway Transit Point 6,Arc Ride,Uasin Gishu County,"-0.4929, 35.3098",AC Type 2 (22kW),1,KSh 49/kWh,"M-Pesa, Credit Card, Mobile App","BYD Atto 3, Nissan Leaf, Tesla Model 3, Hyundai Kona, Roam Air, BasiGo E-Bus, VW e-Golf",24/7,Operational,4.3
Mombasa Business Center Hub 19,Kenya Power (KPLC),Mombasa County,"-4.0029, 39.6806",CHAdeMO / CCS2 Dual,3,KSh 31/kWh,"M-Pesa, Credit Card, Mobile App","BYD Atto 3, Nissan Leaf, Tesla Model 3, Hyundai Kona, Roam Air, BasiGo E-Bus, VW e-Golf",07:00 - 21:00,Maintenance,4.6
Nakuru TotalEnergies Service Station 4,ChargeNet,Nakuru County,"-0.2998, 36.1194",GB/T Fast DC (60kW),1,KSh 25/kWh,"M-Pesa, Credit Card, Mobile App","BYD Atto 3, Nissan Leaf, Tesla Model 3, Hyundai Kona, Roam Air, BasiGo E-Bus, VW e-Golf",24/7,Operational,4.7
Nairobi Mall Parking Plaza 10,Kenya Power (KPLC),Nairobi County,"-1.2851, 36.8481",AC Type 2 (22kW),6,KSh 39/kWh,"M-Pesa, Credit Card, Mobile App","BYD Atto 3, Nissan Leaf, Tesla Model 3, Hyundai Kona, Roam Air, BasiGo E-Bus, VW e-Golf",08:00 - 20:00,Operational,4.0
Uasin Gishu County Headquarter Station 12,ChargeNet,Uasin Gishu County,"-0.5493, 35.2427",GB/T Fast DC (60kW),2,KSh 51/kWh,"M-Pesa, Credit Card, Mobile App","BYD Atto 3, Nissan Leaf, Tesla Model 3, Hyundai Kona, Roam Air, BasiGo E-Bus, VW e-Golf",07:00 - 21:00,Operational,4.6
Nakuru EcoCharge Hub 10,MojaEV,Nakuru County,"-0.2932, 36.1127",CHAdeMO / CCS2 Dual,2,KSh 38/kWh,"M-Pesa, Credit Card, Mobile App","BYD Atto 3, Nissan Leaf, Tesla Model 3, Hyundai Kona, Roam Air, BasiGo E-Bus, VW e-Golf",07:00 - 21:00,Maintenance,4.9
Uasin Gishu Shell Station 11,Kenya Power (KPLC),Uasin Gishu County,"-0.5032, 35.2216",AC Type 1 & 2 Dual (11kW),4,KSh 28/kWh,"M-Pesa, Credit Card, Mobile App","BYD Atto 3, Nissan Leaf, Tesla Model 3, Hyundai Kona, Roam Air, BasiGo E-Bus, VW e-Golf",08:00 - 20:00,Maintenance,4.7
Kiambu E-Drive Station 9,Arc Ride,Kiambu County,"-1.1210, 36.9480",CHAdeMO / CCS2 Dual,3,KSh 53/kWh,"M-Pesa, Credit Card, Mobile App","BYD Atto 3, Nissan Leaf, Tesla Model 3, Hyundai Kona, Roam Air, BasiGo E-Bus, VW e-Golf",06:00 - 22:00,Maintenance,4.8
Laikipia TotalEnergies Service Station 14,ChargeNet,Laikipia County,"-0.0226, 36.9509",AC Type 1 & 2 Dual (11kW),1,KSh 25/kWh,"M-Pesa, Credit Card, Mobile App","BYD Atto 3, Nissan Leaf, Tesla Model 3, Hyundai Kona, Roam Air, BasiGo E-Bus, VW e-Golf",07:00 - 21:00,Operational,4.4
Uasin Gishu Business Center Hub 10,ChargeNet,Uasin Gishu County,"-0.5264, 35.2942",AC Type 1 & 2 Dual (11kW),1,KSh 45/kWh,"M-Pesa, Credit Card, Mobile App","BYD Atto 3, Nissan Leaf, Tesla Model 3, Hyundai Kona, Roam Air, BasiGo E-Bus, VW e-Golf",06:00 - 22:00,Operational,3.9
Nakuru E-Drive Station 18,EVChaja,Nakuru County,"-0.2611, 36.0646",DC CCS2 Fast (120kW),2,KSh 51/kWh,"M-Pesa, Credit Card, Mobile App","BYD Atto 3, Nissan Leaf, Tesla Model 3, Hyundai Kona, Roam Air, BasiGo E-Bus, VW e-Golf",24/7,Maintenance,4.1
Narok Rubis Energy Plaza 6,BasiGo,Narok County,"-1.1036, 35.8679",GB/T Fast DC (60kW),1,KSh 41/kWh,"M-Pesa, Credit Card, Mobile App","BYD Atto 3, Nissan Leaf, Tesla Model 3, Hyundai Kona, Roam Air, BasiGo E-Bus, VW e-Golf",24/7,Operational,4.1
Kilifi Shell Station 9,Roam Electric,Kilifi County,"-3.6143, 39.8177",AC Type 2 (22kW),4,KSh 46/kWh,"M-Pesa, Credit Card, Mobile App","BYD Atto 3, Nissan Leaf, Tesla Model 3, Hyundai Kona, Roam Air, BasiGo E-Bus, VW e-Golf",06:00 - 22:00,Maintenance,4.4
Uasin Gishu Highway Transit Point 19,EVChaja,Uasin Gishu County,"-0.5048, 35.2265",DC CCS2 Fast (120kW),3,KSh 54/kWh,"M-Pesa, Credit Card, Mobile App","BYD Atto 3, Nissan Leaf, Tesla Model 3, Hyundai Kona, Roam Air, BasiGo E-Bus, VW e-Golf",08:00 - 20:00,Operational,4.0
Taita-Taveta County Headquarter Station 19,Asaph Green Mobility,Taita-Taveta County,"-3.3899, 38.2978",DC CCS2 Fast (50kW),2,KSh 46/kWh,"M-Pesa, Credit Card, Mobile App","BYD Atto 3, Nissan Leaf, Tesla Model 3, Hyundai Kona, Roam Air, BasiGo E-Bus, VW e-Golf",08:00 - 20:00,Operational,4.3
Machakos Mall Parking Plaza 7,BasiGo,Machakos County,"-1.5495, 37.2996",DC CCS2 Fast (120kW),2,KSh 34/kWh,"M-Pesa, Credit Card, Mobile App","BYD Atto 3, Nissan Leaf, Tesla Model 3, Hyundai Kona, Roam Air, BasiGo E-Bus, VW e-Golf",07:00 - 21:00,Operational,4.4
Nairobi Highway Transit Point 8,ChargeNet,Nairobi County,"-1.3265, 36.8435",AC Type 2 (22kW),1,KSh 47/kWh,"M-Pesa, Credit Card, Mobile App","BYD Atto 3, Nissan Leaf, Tesla Model 3, Hyundai Kona, Roam Air, BasiGo E-Bus, VW e-Golf",07:00 - 21:00,Maintenance,4.0
Taita-Taveta Community Charge Point 19,Arc Ride,Taita-Taveta County,"-3.4147, 38.3253",AC Type 2 (22kW),4,KSh 39/kWh,"M-Pesa, Credit Card, Mobile App","BYD Atto 3, Nissan Leaf, Tesla Model 3, Hyundai Kona, Roam Air, BasiGo E-Bus, VW e-Golf",08:00 - 20:00,Operational,4.8
Uasin Gishu County Headquarter Station 5,Kenya Power (KPLC),Uasin Gishu County,"-0.4836, 35.3161",CHAdeMO / CCS2 Dual,6,KSh 38/kWh,"M-Pesa, Credit Card, Mobile App","BYD Atto 3, Nissan Leaf, Tesla Model 3, Hyundai Kona, Roam Air, BasiGo E-Bus, VW e-Golf",07:00 - 21:00,Operational,4.9
Nyeri Highway Transit Point 16,MojaEV,Nyeri County,"-0.3979, 36.9863",GB/T Fast DC (60kW),3,KSh 28/kWh,"M-Pesa, Credit Card, Mobile App","BYD Atto 3, Nissan Leaf, Tesla Model 3, Hyundai Kona, Roam Air, BasiGo E-Bus, VW e-Golf",24/7,Maintenance,4.6
Nairobi Business Center Hub 2,ChargeNet,Nairobi County,"-1.3079, 36.7978",DC CCS2 Fast (120kW),4,KSh 44/kWh,"M-Pesa, Credit Card, Mobile App","BYD Atto 3, Nissan Leaf, Tesla Model 3, Hyundai Kona, Roam Air, BasiGo E-Bus, VW e-Golf",24/7,Operational,4.3
Kajiado Business Center Hub 12,MojaEV,Kajiado County,"-1.5240, 36.8357",AC Type 2 (22kW),2,KSh 54/kWh,"M-Pesa, Credit Card, Mobile App","BYD Atto 3, Nissan Leaf, Tesla Model 3, Hyundai Kona, Roam Air, BasiGo E-Bus, VW e-Golf",08:00 - 20:00,Operational,4.9
Nairobi Rubis Energy Plaza 2,MojaEV,Nairobi County,"-1.2909, 36.8461",GB/T Fast DC (60kW),1,KSh 31/kWh,"M-Pesa, Credit Card, Mobile App","BYD Atto 3, Nissan Leaf, Tesla Model 3, Hyundai Kona, Roam Air, BasiGo E-Bus, VW e-Golf",24/7,Operational,4.6
Nakuru E-Drive Station 5,MojaEV,Nakuru County,"-0.2630, 36.0991",DC CCS2 Fast (120kW),2,KSh 45/kWh,"M-Pesa, Credit Card, Mobile App","BYD Atto 3, Nissan Leaf, Tesla Model 3, Hyundai Kona, Roam Air, BasiGo E-Bus, VW e-Golf",06:00 - 22:00,Maintenance,4.4
Mombasa Business Center Hub 10,EVChaja,Mombasa County,"-4.0284, 39.7012",CHAdeMO / CCS2 Dual,6,KSh 51/kWh,"M-Pesa, Credit Card, Mobile App","BYD Atto 3, Nissan Leaf, Tesla Model 3, Hyundai Kona, Roam Air, BasiGo E-Bus, VW e-Golf",24/7,Operational,4.8
Uasin Gishu PowerPlug Station 10,MojaEV,Uasin Gishu County,"-0.5010, 35.2692",GB/T Fast DC (60kW),1,KSh 50/kWh,"M-Pesa, Credit Card, Mobile App","BYD Atto 3, Nissan Leaf, Tesla Model 3, Hyundai Kona, Roam Air, BasiGo E-Bus, VW e-Golf",24/7,Maintenance,4.7
Mombasa Community Charge Point 4,Roam Electric,Mombasa County,"-4.0197, 39.6265",DC CCS2 Fast (120kW),2,KSh 53/kWh,"M-Pesa, Credit Card, Mobile App","BYD Atto 3, Nissan Leaf, Tesla Model 3, Hyundai Kona, Roam Air, BasiGo E-Bus, VW e-Golf",24/7,Operational,4.1
Nakuru EcoCharge Hub 2,EVChaja,Nakuru County,"-0.3234, 36.0866",CHAdeMO / CCS2 Dual,6,KSh 48/kWh,"M-Pesa, Credit Card, Mobile App","BYD Atto 3, Nissan Leaf, Tesla Model 3, Hyundai Kona, Roam Air, BasiGo E-Bus, VW e-Golf",24/7,Operational,3.8
Nakuru Rubis Energy Plaza 13,BasiGo,Nakuru County,"-0.2689, 36.1146",DC CCS2 Fast (120kW),2,KSh 33/kWh,"M-Pesa, Credit Card, Mobile App","BYD Atto 3, Nissan Leaf, Tesla Model 3, Hyundai Kona, Roam Air, BasiGo E-Bus, VW e-Golf",06:00 - 22:00,Operational,3.9
Kajiado TotalEnergies Service Station 8,Arc Ride,Kajiado County,"-1.5121, 36.8114",DC CCS2 Fast (50kW),1,KSh 31/kWh,"M-Pesa, Credit Card, Mobile App","BYD Atto 3, Nissan Leaf, Tesla Model 3, Hyundai Kona, Roam Air, BasiGo E-Bus, VW e-Golf",07:00 - 21:00,Operational,3.9
Narok Rubis Energy Plaza 19,Roam Electric,Narok County,"-1.1012, 35.8691",GB/T Fast DC (60kW),4,KSh 51/kWh,"M-Pesa, Credit Card, Mobile App","BYD Atto 3, Nissan Leaf, Tesla Model 3, Hyundai Kona, Roam Air, BasiGo E-Bus, VW e-Golf",07:00 - 21:00,Operational,4.0
Kilifi Highway Transit Point 16,EVChaja,Kilifi County,"-3.6286, 39.8086",DC CCS2 Fast (120kW),6,KSh 41/kWh,"M-Pesa, Credit Card, Mobile App","BYD Atto 3, Nissan Leaf, Tesla Model 3, Hyundai Kona, Roam Air, BasiGo E-Bus, VW e-Golf",07:00 - 21:00,Operational,4.6
Machakos Green Mobility Zone 9,Arc Ride,Machakos County,"-1.4774, 37.2781",GB/T Fast DC (60kW),2,KSh 39/kWh,"M-Pesa, Credit Card, Mobile App","BYD Atto 3, Nissan Leaf, Tesla Model 3, Hyundai Kona, Roam Air, BasiGo E-Bus, VW e-Golf",08:00 - 20:00,Operational,4.5
Nairobi E-Drive Station 14,ChargeNet,Nairobi County,"-1.2853, 36.8634",GB/T Fast DC (60kW),1,KSh 43/kWh,"M-Pesa, Credit Card, Mobile App","BYD Atto 3, Nissan Leaf, Tesla Model 3, Hyundai Kona, Roam Air, BasiGo E-Bus, VW e-Golf",08:00 - 20:00,Maintenance,5.0
Nyeri Shell Station 3,Asaph Green Mobility,Nyeri County,"-0.3970, 36.9070",DC CCS2 Fast (50kW),3,KSh 34/kWh,"M-Pesa, Credit Card, Mobile App","BYD Atto 3, Nissan Leaf, Tesla Model 3, Hyundai Kona, Roam Air, BasiGo E-Bus, VW e-Golf",07:00 - 21:00,Operational,4.6
Uasin Gishu PowerPlug Station 5,BasiGo,Uasin Gishu County,"-0.5522, 35.2275",DC CCS2 Fast (120kW),2,KSh 47/kWh,"M-Pesa, Credit Card, Mobile App","BYD Atto 3, Nissan Leaf, Tesla Model 3, Hyundai Kona, Roam Air, BasiGo E-Bus, VW e-Golf",07:00 - 21:00,Maintenance,4.5
Uasin Gishu Mall Parking Plaza 18,EVChaja,Uasin Gishu County,"-0.4852, 35.2517",AC Type 2 (22kW),6,KSh 34/kWh,"M-Pesa, Credit Card, Mobile App","BYD Atto 3, Nissan Leaf, Tesla Model 3, Hyundai Kona, Roam Air, BasiGo E-Bus, VW e-Golf",08:00 - 20:00,Operational,4.3
Kisumu Shell Station 13,MojaEV,Kisumu County,"-0.1501, 34.7992",DC CCS2 Fast (50kW),3,KSh 51/kWh,"M-Pesa, Credit Card, Mobile App","BYD Atto 3, Nissan Leaf, Tesla Model 3, Hyundai Kona, Roam Air, BasiGo E-Bus, VW e-Golf",07:00 - 21:00,Operational,4.2
Nairobi Business Center Hub 12,Asaph Green Mobility,Nairobi County,"-1.2941, 36.8300",AC Type 2 (22kW),2,KSh 54/kWh,"M-Pesa, Credit Card, Mobile App","BYD Atto 3, Nissan Leaf, Tesla Model 3, Hyundai Kona, Roam Air, BasiGo E-Bus, VW e-Golf",24/7,Operational,4.3
Kiambu TotalEnergies Service Station 18,EVChaja,Kiambu County,"-1.1871, 36.9461",AC Type 1 & 2 Dual (11kW),2,KSh 54/kWh,"M-Pesa, Credit Card, Mobile App","BYD Atto 3, Nissan Leaf, Tesla Model 3, Hyundai Kona, Roam Air, BasiGo E-Bus, VW e-Golf",24/7,Operational,4.1
Kiambu Green Mobility Zone 4,Kenya Power (KPLC),Kiambu County,"-1.1872, 36.9498",AC Type 1 & 2 Dual (11kW),3,KSh 50/kWh,"M-Pesa, Credit Card, Mobile App","BYD Atto 3, Nissan Leaf, Tesla Model 3, Hyundai Kona, Roam Air, BasiGo E-Bus, VW e-Golf",24/7,Operational,4.1
Narok Highway Transit Point 11,Kenya Power (KPLC),Narok County,"-1.0405, 35.9046",CHAdeMO / CCS2 Dual,6,KSh 26/kWh,"M-Pesa, Credit Card, Mobile App","BYD Atto 3, Nissan Leaf, Tesla Model 3, Hyundai Kona, Roam Air, BasiGo E-Bus, VW e-Golf",24/7,Operational,5.0
Laikipia Mall Parking Plaza 19,Arc Ride,Laikipia County,"0.0499, 36.8755",GB/T Fast DC (60kW),2,KSh 35/kWh,"M-Pesa, Credit Card, Mobile App","BYD Atto 3, Nissan Leaf, Tesla Model 3, Hyundai Kona, Roam Air, BasiGo E-Bus, VW e-Golf",06:00 - 22:00,Operational,4.1
Nairobi Rubis Energy Plaza 15,MojaEV,Nairobi County,"-1.2595, 36.8520",AC Type 2 (22kW),1,KSh 27/kWh,"M-Pesa, Credit Card, Mobile App","BYD Atto 3, Nissan Leaf, Tesla Model 3, Hyundai Kona, Roam Air, BasiGo E-Bus, VW e-Golf",08:00 - 20:00,Operational,4.4
Laikipia Rubis Energy Plaza 3,MojaEV,Laikipia County,"0.0419, 36.9220",DC CCS2 Fast (120kW),6,KSh 48/kWh,"M-Pesa, Credit Card, Mobile App","BYD Atto 3, Nissan Leaf, Tesla Model 3, Hyundai Kona, Roam Air, BasiGo E-Bus, VW e-Golf",24/7,Operational,3.8
Nakuru Business Center Hub 3,Kenya Power (KPLC),Nakuru County,"-0.3440, 36.1177",DC CCS2 Fast (120kW),4,KSh 53/kWh,"M-Pesa, Credit Card, Mobile App","BYD Atto 3, Nissan Leaf, Tesla Model 3, Hyundai Kona, Roam Air, BasiGo E-Bus, VW e-Golf",24/7,Operational,4.9
Narok Green Mobility Zone 11,MojaEV,Narok County,"-1.0955, 35.9033",DC CCS2 Fast (120kW),2,KSh 48/kWh,"M-Pesa, Credit Card, Mobile App","BYD Atto 3, Nissan Leaf, Tesla Model 3, Hyundai Kona, Roam Air, BasiGo E-Bus, VW e-Golf",08:00 - 20:00,Operational,3.8
Laikipia E-Drive Station 16,Asaph Green Mobility,Laikipia County,"0.0194, 36.9486",GB/T Fast DC (60kW),4,KSh 29/kWh,"M-Pesa, Credit Card, Mobile App","BYD Atto 3, Nissan Leaf, Tesla Model 3, Hyundai Kona, Roam Air, BasiGo E-Bus, VW e-Golf",24/7,Operational,3.9
Taita-Taveta Rubis Energy Plaza 2,Arc Ride,Taita-Taveta County,"-3.3661, 38.3032",DC CCS2 Fast (120kW),6,KSh 37/kWh,"M-Pesa, Credit Card, Mobile App","BYD Atto 3, Nissan Leaf, Tesla Model 3, Hyundai Kona, Roam Air, BasiGo E-Bus, VW e-Golf",24/7,Operational,4.4
Uasin Gishu TotalEnergies Service Station 13,Roam Electric,Uasin Gishu County,"-0.5486, 35.2358",DC CCS2 Fast (120kW),6,KSh 49/kWh,"M-Pesa, Credit Card, Mobile App","BYD Atto 3, Nissan Leaf, Tesla Model 3, Hyundai Kona, Roam Air, BasiGo E-Bus, VW e-Golf",24/7,Operational,3.9
Laikipia PowerPlug Station 19,Kenya Power (KPLC),Laikipia County,"-0.0180, 36.9405",DC CCS2 Fast (50kW),2,KSh 35/kWh,"M-Pesa, Credit Card, Mobile App","BYD Atto 3, Nissan Leaf, Tesla Model 3, Hyundai Kona, Roam Air, BasiGo E-Bus, VW e-Golf",24/7,Operational,4.9
Mombasa Shell Station 7,Roam Electric,Mombasa County,"-4.0103, 39.6689",DC CCS2 Fast (50kW),6,KSh 38/kWh,"M-Pesa, Credit Card, Mobile App","BYD Atto 3, Nissan Leaf, Tesla Model 3, Hyundai Kona, Roam Air, BasiGo E-Bus, VW e-Golf",07:00 - 21:00,Operational,4.5
Uasin Gishu Shell Station 3,ChargeNet,Uasin Gishu County,"-0.5009, 35.2738",CHAdeMO / CCS2 Dual,3,KSh 54/kWh,"M-Pesa, Credit Card, Mobile App","BYD Atto 3, Nissan Leaf, Tesla Model 3, Hyundai Kona, Roam Air, BasiGo E-Bus, VW e-Golf",07:00 - 21:00,Operational,4.3
Mombasa PowerPlug Station 4,ChargeNet,Mombasa County,"-4.0302, 39.7114",AC Type 1 & 2 Dual (11kW),4,KSh 42/kWh,"M-Pesa, Credit Card, Mobile App","BYD Atto 3, Nissan Leaf, Tesla Model 3, Hyundai Kona, Roam Air, BasiGo E-Bus, VW e-Golf",08:00 - 20:00,Operational,4.0
Narok TotalEnergies Service Station 18,Kenya Power (KPLC),Narok County,"-1.0702, 35.8447",DC CCS2 Fast (50kW),6,KSh 36/kWh,"M-Pesa, Credit Card, Mobile App","BYD Atto 3, Nissan Leaf, Tesla Model 3, Hyundai Kona, Roam Air, BasiGo E-Bus, VW e-Golf",08:00 - 20:00,Operational,4.0
Taita-Taveta Highway Transit Point 15,Roam Electric,Taita-Taveta County,"-3.4420, 38.3506",DC CCS2 Fast (120kW),3,KSh 50/kWh,"M-Pesa, Credit Card, Mobile App","BYD Atto 3, Nissan Leaf, Tesla Model 3, Hyundai Kona, Roam Air, BasiGo E-Bus, VW e-Golf",07:00 - 21:00,Operational,4.0
Mombasa Mall Parking Plaza 7,Asaph Green Mobility,Mombasa County,"-4.0509, 39.6633",GB/T Fast DC (60kW),6,KSh 35/kWh,"M-Pesa, Credit Card, Mobile App","BYD Atto 3, Nissan Leaf, Tesla Model 3, Hyundai Kona, Roam Air, BasiGo E-Bus, VW e-Golf",08:00 - 20:00,Maintenance,3.9
Nakuru EcoCharge Hub 12,Kenya Power (KPLC),Nakuru County,"-0.3258, 36.1251",AC Type 1 & 2 Dual (11kW),6,KSh 45/kWh,"M-Pesa, Credit Card, Mobile App","BYD Atto 3, Nissan Leaf, Tesla Model 3, Hyundai Kona, Roam Air, BasiGo E-Bus, VW e-Golf",07:00 - 21:00,Maintenance,4.8
Nakuru Rubis Energy Plaza 1,Kenya Power (KPLC),Nakuru County,"-0.3257, 36.1284",DC CCS2 Fast (50kW),4,KSh 30/kWh,"M-Pesa, Credit Card, Mobile App","BYD Atto 3, Nissan Leaf, Tesla Model 3, Hyundai Kona, Roam Air, BasiGo E-Bus, VW e-Golf",07:00 - 21:00,Operational,4.1
Nairobi County Headquarter Station 16,EVChaja,Nairobi County,"-1.3052, 36.8583",DC CCS2 Fast (120kW),4,KSh 38/kWh,"M-Pesa, Credit Card, Mobile App","BYD Atto 3, Nissan Leaf, Tesla Model 3, Hyundai Kona, Roam Air, BasiGo E-Bus, VW e-Golf",24/7,Operational,3.9
Uasin Gishu EcoCharge Hub 3,ChargeNet,Uasin Gishu County,"-0.4798, 35.2959",GB/T Fast DC (60kW),4,KSh 45/kWh,"M-Pesa, Credit Card, Mobile App","BYD Atto 3, Nissan Leaf, Tesla Model 3, Hyundai Kona, Roam Air, BasiGo E-Bus, VW e-Golf",08:00 - 20:00,Maintenance,5.0
Nakuru Green Mobility Zone 12,Kenya Power (KPLC),Nakuru County,"-0.3530, 36.0898",AC Type 1 & 2 Dual (11kW),4,KSh 33/kWh,"M-Pesa, Credit Card, Mobile App","BYD Atto 3, Nissan Leaf, Tesla Model 3, Hyundai Kona, Roam Air, BasiGo E-Bus, VW e-Golf",06:00 - 22:00,Maintenance,4.4
Machakos Business Center Hub 11,Kenya Power (KPLC),Machakos County,"-1.5408, 37.2932",GB/T Fast DC (60kW),1,KSh 32/kWh,"M-Pesa, Credit Card, Mobile App","BYD Atto 3, Nissan Leaf, Tesla Model 3, Hyundai Kona, Roam Air, BasiGo E-Bus, VW e-Golf",24/7,Operational,4.6
Mombasa Community Charge Point 1,Kenya Power (KPLC),Mombasa County,"-4.0643, 39.6877",AC Type 1 & 2 Dual (11kW),1,KSh 32/kWh,"M-Pesa, Credit Card, Mobile App","BYD Atto 3, Nissan Leaf, Tesla Model 3, Hyundai Kona, Roam Air, BasiGo E-Bus, VW e-Golf",07:00 - 21:00,Operational,4.7
Kajiado PowerPlug Station 16,EVChaja,Kajiado County,"-1.4547, 36.7551",CHAdeMO / CCS2 Dual,4,KSh 44/kWh,"M-Pesa, Credit Card, Mobile App","BYD Atto 3, Nissan Leaf, Tesla Model 3, Hyundai Kona, Roam Air, BasiGo E-Bus, VW e-Golf",24/7,Operational,4.7
Mombasa TotalEnergies Service Station 13,Roam Electric,Mombasa County,"-4.0417, 39.6270",CHAdeMO / CCS2 Dual,1,KSh 37/kWh,"M-Pesa, Credit Card, Mobile App","BYD Atto 3, Nissan Leaf, Tesla Model 3, Hyundai Kona, Roam Air, BasiGo E-Bus, VW e-Golf",08:00 - 20:00,Operational,4.3
Mombasa Highway Transit Point 15,Kenya Power (KPLC),Mombasa County,"-4.0734, 39.6875",DC CCS2 Fast (50kW),2,KSh 47/kWh,"M-Pesa, Credit Card, Mobile App","BYD Atto 3, Nissan Leaf, Tesla Model 3, Hyundai Kona, Roam Air, BasiGo E-Bus, VW e-Golf",08:00 - 20:00,Operational,4.9
