Station Name,Provider,County,Location,Coordinates,Charger Types,Number of Ports,Pricing,Payment Methods,Car Models Supported,Motorcycle Support,Operating Hours,Status,Average Rating
Stima Plaza,Kenya Power,Nairobi,"Parklands, Nairobi","-1.2641, 36.8161","50kW DC Fast Charger, 22kW AC Charger",2,Free,RFID Card,"BYD e6, Hyundai Kona Electric, Nissan Leaf, Renault Zoe, All CCS compatible EVs",False,24/7,Operational,4.5
Ruaraka Depot,Kenya Power,Nairobi,"Ruaraka, Nairobi","-1.2567, 36.8833","50kW DC Fast Charger, 22kW AC Charger",2,Free,RFID Card,"BYD e6, Hyundai Kona Electric, Nissan Leaf, Renault Zoe, All CCS compatible EVs",False,24/7,Operational,4.3
Donholm Depot,Kenya Power,Nairobi,"Donholm, Nairobi","-1.2937, 36.9006","50kW DC Fast Charger, 22kW AC Charger",2,Free,RFID Card,"BYD e6, Hyundai Kona Electric, Nissan Leaf, Renault Zoe, All CCS compatible EVs",False,24/7,Operational,4.2
Ragati Depot,Kenya Power,Nairobi,"Ragati - Upperhill, Nairobi","-1.29558, 36.81281","50kW DC Fast Charger, 22kW AC Charger",2,Free,RFID Card,"BYD e6, Hyundai Kona Electric, Nissan Leaf, Renault Zoe, All CCS compatible EVs",False,24/7,Operational,4.1
TotalEnergies-Roam Hub Lusaka Road,TotalEnergies | Roam-electric,Nairobi,"Lusaka Road, Nairobi","-1.30124, 36.83284","22kW AC Charger, Battery Swap for motorcycles",2,KSh 20-50 per kWh (varies by time),"M-Pesa, Credit Card, Debit Card",Not available,True,24/7,Operational,4.3
TotalEnergies-Roam Hub Waiyaki Way,TotalEnergies | Roam-electric,Nairobi,"Waiyaki Way, Nairobi","-1.25789, 36.78216","22kW AC Charger, Battery Swap for motorcycles",2,KSh 20-50 per kWh,"M-Pesa, Credit Card, Debit Card",Not available at the hub,True,24/7,Operational,4.7
TotalEnergies - Ampersand Dagoretti Swap Station,TotalEnergies | Ampersand-energy,Nairobi,"Dagoretti, Nairobi","-1.29547, 36.75867",Battery Swap for motorcycles,0,KSh 200 - 300 for 90-110 km of range,"M-Pesa, Credit Card, Debit Card",Not available,True,7:00 AM - 10:00 PM,Operational,5.0
TotalEnergies - Ampersand Mountain View Swap Station,TotalEnergies | Ampersand-energy,Nairobi,"Mountain View - Kangemi, Nairobi","-1.26081, 36.73841",Battery Swap for motorcycles,0,KSh 200 - 300 for 90-110 km of range,"M-Pesa, Credit Card, Debit Card",Not available,True,7:00 AM - 10:00 PM,Operational,0
TotalEnergies - Ampersand Starehe Swap Station,TotalEnergies | Ampersand-energy,Nairobi,"Starehe, Nairobi","-1.27739, 36.83708",Battery Swap for motorcycles,3,KSh 200 - 300 for 90-110 km of range,"M-Pesa, Credit Card, Debit Card",Not available,True,7:00 AM - 10:00 PM,Operational,5.0
TotalEnergies - Ampersand Hurlingham Swap Station,TotalEnergies | Ampersand-energy,Nairobi,"Hurligham, Nairobi","-1.28874, 36.80090",Battery Swap for motorcycles,3,KSh 200 - 300 for 90-110 km of range,"M-Pesa, Credit Card, Debit Card",Not available,True,7:00 AM - 10:00 PM,Operational,1.0
TotalEnergies Roam Hub Karambe,TotalEnergies | Roam-electric,Nairobi,"Total Energies Karambe, Juja Road, Nairobi","-1.25930, 36.84510","22kW AC Charger, Battery Swap for motorcycles",3,KSh 20-50 per kWh,"M-Pesa, Credit Card, Debit Card",Not available at the hub. Charging for Roam's electric buses takes place at Roam warehouse,True,6:00 AM - 10:00 PM,Operational,5.0
TotalEnergies - Roam Shop Machakos,TotalEnergies | Roam-electric,Machakos,"TotalEnergies Mua View Service Station, Machakos","-1.52769, 37.20937","22kW AC Charger, Battery Swap for motorcycles",3,KSh 20-50 per kWh,"M-Pesa, Credit Card, Debit Card",Not available at the hub,True,24/7,Operational,5.0
BasiGo Buru Buru,BasiGo,Nairobi,"Buru Buru, Nairobi","-1.3142, 36.8875","DC Fast Charger (Multiple), CCS-2 Compatible",6,Subscription-Based,"Corporate Account, M-Pesa","Electric Buses, Electric Vans(Matatus), All CCS compatible Persenger Cars & Trucks",False,24/7,Operational,4.6
BasiGo Depot - Embakasi,BasiGo,Nairobi,"Embakasi, Nairobi","-1.3167, 36.9167","DC Fast Charger, CCS-2",4,Subscription-Based,"Corporate Account, M-Pesa","Electric Buses, Electric Vans(Matatus), All CCS compatible Persenger Cars & Trucks",False,24/7,Operational,5.0
BasiGo Charging Station Kikuyu,BasiGo,Kiambu,"Kikuyu, Kiambu County (Greater Nairobi)","-1.2417, 36.6667","DC Fast Charger, CCS-2",4,Subscription-Based,"Corporate Account, M-Pesa","Electric Buses, Electric Vans(Matatus), All CCS compatible Persenger Cars & Trucks",False,24/7,Operational,4.5
Roam Hub - Suguta Center,Roam Electric,Nairobi,"Kileleshwa, inside Suguta Center, Nairobi","-1.28590, 36.77855","AC Charger for motorcycles, Battery Swap",2,Subscription-based for motorcycles,"M-Pesa, Roam App, Debit/Credit Card",Limited car support,True,24/7,Operational,4.0
Roam Hub - Kayole,Roam Electric,Nairobi,"Kayole Spine Road, Nairobi","-1.28145, 36.90510","AC Charger for motorcycles, Battery Swap",2,Subscription-based for motorcycles,"M-Pesa, Roam App, Debit/Credit Card",Limited car support,True,24/7,Operational,4.7
Roam Hub - Quickmart Roysambu,Roam Electric | Quickmart,Nairobi,"QuickMart Roysambu, Nairobi","-1.20784, 36.89363","AC Charger for motorcycles, Battery Swap",2,Subscription-based for motorcycles,"M-Pesa, Roam App, Debit/Credit Card",Limited car support,True,24/7,Operational,4.2
Ampersand - Kangundo Road Swap,Ampersand,Nairobi,"Kangundo Rd, Nairobi","-1.27358, 36.88287",Battery Swap for motorcycles,3,KSh 200 - 300 for 90-110 km of range,"M-Pesa, Credit Card, Debit Card",Not available,True,7:00 AM - 10:00 PM,Operational,3.7
Waterfront Mall EVChaja,EVChaja,Nairobi,"Waterfront Mall, Karen","-1.3311, 36.7122",22kW AC Charger,2,KSh 25-40 per kWh,"M-Pesa, Credit Card, EVChaja App","NETA V, BYD e6, Nissan Leaf, All Type 2",False,9:00 AM - 9:00 PM (Mall hours),Operational,4.3
Adlife Plaza EVChaja,EVChaja,Nairobi,"Adlife Plaza, Kilimani","-1.29135, 36.78602",22kW AC Charger,2,KSh 25-40 per kWh,"M-Pesa, Credit Card, EVChaja App","NETA V, BYD e6, Nissan Leaf, All Type 2",False,9:00 AM - 9:00 PM (Mall hours),Operational,4.3
Two Rivers Mall EVChaja,EVChaja,Nairobi,"Two Rivers Mall, Limuru Rd Ruaka","-1.20760, 36.79377",22kW AC Charger,2,KSh 25-40 per kWh,"M-Pesa, Credit Card, EVChaja App","NETA V, BYD e6, Nissan Leaf, All Type 2",False,24/7,Operational,5.0
The Hub Nairobi,Independent,Nairobi,"The Hub, Karen","-1.3186, 36.7031",22kW AC Charger,2,KSh 30-45 per kWh,"M-Pesa, Credit Card","NETA V, BYD e6, Nissan Leaf",False,8:00 AM - 8:00 PM,Operational,4.2
Kenya Power Kisumu,Kenya Power,Kisumu,Kisumu Town (Exact location TBD),"-0.0917, 34.7680",DC Fast Charger (Planned),2,To be announced,TBD,All CCS compatible EVs,False,TBD,Planned (2025-2026),N/A
TotalEnergies Kisumu,TotalEnergies,Kisumu,Kisumu (Station expansion planned),"-0.0917, 34.7680",22kW AC Charger (Planned),2,Similar to Nairobi rates expected,"M-Pesa, Credit Card (Expected)",All Type 2 compatible,True,TBD,Planned (2025),N/A
Megacity Mall EvChaja,EVChaja,Kisumu,Kisumu,"-0.10621, 34.77050",22kW AC Charger,2,KSh 25-40 per kWh,"M-Pesa, Credit Card, EVChaja App","NETA V, BYD e6, Nissan Leaf, All Type 2",False,8:30 AM - 8:30 PM,Operational,4.0
Kenya Power Mombasa,Kenya Power,Mombasa,Mombasa Town (Exact location TBD),"-4.0435, 39.6682",DC Fast Charger (Planned),3,To be announced,TBD,All CCS compatible EVs,False,TBD,Planned (2025-2026),N/A
Highway Charging - Mtito Andei,Kenya Power,Makueni,Mtito Andei (Nairobi-Mombasa Highway),"-2.6908, 38.1667",DC Fast Charger (Planned),4,To be announced,"M-Pesa, RFID Card (Expected)",All CCS compatible EVs,False,24/7 (Planned),Planned (2025-2026),N/A
City Mall EvChaja,EVChaja,Mombasa,"City Mall Exit Gate, Malindi Road Mombasa","-4.01975, 39.72048",22kW AC Charger,2,KSh 25-40 per kWh,"M-Pesa, Credit Card, EVChaja App","NETA V, BYD e6, Nissan Leaf, All Type 2",False,24/7,Operational,4.0
