user_id,date,distance_km,duration_min,idle_time_min,revenue_kes,maintenance_kes,battery_swap_cost_kes,kwh_charging
579236,2023-12-10,121.31,227.43,11.16,,,,
579236,2023-12-11,119.74,245.78,11.64,870.00,0.00,176.00,
579236,2023-12-12,126.96,268.68,15.89,1750.00,100.00,370.00,
579236,2023-12-13,67.08,152.66,7.25,1000.00,50.00,167.00,
579236,2023-12-14,98.3,197.18,7.16,1850.00,0.00,197.00,
579236,2023-12-15,103.1,221.85,10.49,0.00,0.00,147.00,
579236,2023-12-16,126.78,260.42,11.54,987.00,100.00,337.00,
579236,2023-12-17,100.96,204.55,12.81,1200.00,0.00,282.00,
579236,2023-12-18,94.82,188.81,7.03,1450.00,0.00,300.00,
579236,2023-12-19,187.33,337.9,18.82,2500.00,0.00,491.00,
579236,2023-12-20,154.09,291.08,14.25,3000.00,0.00,313.00,
579236,2023-12-21,93.27,194.93,7.14,1850.00,0.00,333.00,
629227,2023-12-13,53.33,98.26,5.5,600.00,0.00,400.00,
629227,2023-12-14,71.2,168.54,12.23,1000.00,0.00,400.00,
629227,2023-12-15,70.38,167.56,12.05,1200.00,0.00,400.00,
629227,2023-12-16,126.16,253.73,14.82,1500.00,0.00,400.00,
629227,2023-12-17,57.82,126.27,6.02,1000.00,0.00,400.00,
629227,2023-12-18,77.21,172.14,8.31,1200.00,0.00,400.00,
629227,2023-12-19,78.2,192.18,12.06,1300.00,0.00,400.00,
629227,2023-12-20,80.92,187.48,14.08,1000.00,0.00,400.00,
629227,2023-12-21,63.56,151.34,8.65,1000.00,0.00,400.00,
629740,2023-12-10,58.26,199.84,18.17,,,,
629740,2023-12-11,27.9,74.87,4.16,450.00,0.00,124.00,
629740,2023-12-12,56.34,164.8,9.48,600.00,100.00,144.00,
629740,2023-12-13,71.67,167.94,14.26,450.00,0.00,252.00,
629740,2023-12-14,24.91,78.76,6.65,500.00,0.00,146.00,
629740,2023-12-15,69.48,210.45,12.92,700.00,0.00,154.00,
629740,2023-12-16,55.01,173.29,11.47,850.00,0.00,156.00,
629740,2023-12-17,53.57,161.94,14.79,900.00,0.00,155.00,
629740,2023-12-18,76.07,178.46,6.66,450.00,0.00,235.00,
629740,2023-12-19,49.07,164.04,13.02,1100.00,0.00,167.00,
629740,2023-12-20,66.04,213.8,11.66,850.00,0.00,160.00,
629740,2023-12-21,69.55,198.41,11.27,1100.00,50.00,265.00,
662555,2023-12-13,32.15,59.06,3.27,0.00,0.00,350.00,
662555,2023-12-14,69.28,159.83,15.04,1500.00,100.00,350.00,
662555,2023-12-15,63.22,157.32,10.37,1500.00,0.00,0.00,
662555,2023-12-16,69.78,160.91,10.83,1500.00,0.00,350.00,
662555,2023-12-17,89.77,180.11,13.96,1500.00,0.00,350.00,
662555,2023-12-18,64.99,146.3,10.43,1200.00,0.00,350.00,
662555,2023-12-19,142.57,288.9,25.71,1200.00,0.00,350.00,
662555,2023-12-20,46.6,84.29,4.93,1500.00,0.00,350.00,
662555,2023-12-21,87.29,179.01,12.29,1200.00,0.00,350.00,
662819,2023-12-10,4.28,3.57,0.0,2000.00,0.00,,
662819,2023-12-12,5.99,208.03,199.08,600.00,0.00,,
662819,2023-12-13,51.32,542.41,360.33,600.00,0.00,,2.51
662819,2023-12-14,78.38,338.86,106.26,600.00,0.00,,2.68
662819,2023-12-15,61.56,261.84,96.32,600.00,0.00,,3.56
662819,2023-12-16,56.55,231.17,66.61,600.00,0.00,,
662819,2023-12-17,48.64,258.71,125.36,0.00,0.00,,
662819,2023-12-18,88.16,348.69,89.64,600.00,0.00,,4.49
662819,2023-12-19,92.58,395.36,131.7,600.00,100.00,,5.24
662819,2023-12-20,68.63,306.12,114.41,600.00,0.00,,2.64
662819,2023-12-21,73.65,324.95,110.01,600.00,0.00,,
662983,2023-12-13,54.29,126.97,7.68,5000.00,50.00,,2.04
662983,2023-12-14,53.4,150.12,9.46,1700.00,0.00,,5.42
662983,2023-12-15,95.38,269.2,19.43,2100.00,0.00,,5.47
662983,2023-12-16,109.28,320.12,23.52,2400.00,0.00,,2.41
662983,2023-12-17,169.31,297.38,12.77,600.00,100.00,,5.69
662983,2023-12-18,86.17,217.18,15.33,1600.00,0.00,,2.97
662983,2023-12-19,112.13,280.32,16.29,2300.00,0.00,,3.78
662983,2023-12-20,75.97,223.41,17.24,1800.00,0.00,,4.91
662983,2023-12-21,75.4,204.2,11.18,1700.00,100.00,,
663045,2023-12-10,31.05,73.63,3.63,900.00,0.00,,
663045,2023-12-11,8.13,24.96,1.83,700.00,100.00,,
663045,2023-12-12,55.0,127.93,7.98,1100.00,130.00,,
663045,2023-12-13,83.55,202.94,13.42,1250.00,0.00,,1.74
663045,2023-12-14,75.24,193.28,17.57,800.00,150.00,,5.16
663045,2023-12-15,100.63,228.29,16.32,1300.00,100.00,,3.33
663045,2023-12-16,90.54,215.18,13.98,1150.00,100.00,,4.34
663045,2023-12-17,89.58,229.95,13.94,1300.00,100.00,,
663045,2023-12-18,88.92,240.93,17.5,1480.00,100.00,,
663045,2023-12-19,142.81,335.67,21.92,1480.00,50.00,,9.24
663045,2023-12-20,139.79,325.79,24.12,1600.00,200.00,,5.40
663045,2023-12-21,132.99,292.48,17.38,980.00,100.00,,
680968,2023-12-10,1.94,7.91,1.13,0.00,0.00,,
680968,2023-12-11,51.3,138.2,9.56,950.00,0.00,,
680968,2023-12-12,41.22,90.08,4.95,600.00,0.00,,
680968,2023-12-13,41.2,98.05,6.19,200.00,0.00,,2.29
680968,2023-12-14,61.92,142.06,7.73,600.00,0.00,,2.33
680968,2023-12-15,77.83,183.51,12.19,1200.00,0.00,,4.25
680968,2023-12-16,55.81,133.99,8.12,650.00,0.00,,2.49
680968,2023-12-17,4.12,14.41,1.27,0.00,0.00,,1.93
680968,2023-12-18,33.94,91.23,7.06,750.00,0.00,,2.41
680968,2023-12-19,89.69,206.3,14.11,1170.00,20.00,,2.38
680968,2023-12-20,66.88,167.78,10.17,900.00,0.00,,4.61
680968,2023-12-21,108.74,223.23,12.46,1550.00,0.00,,
769744,2023-12-10,51.46,118.86,5.91,,,,
769744,2023-12-11,1.18,4.62,0.48,,,,
