user_id,date,distance_km,duration_min,idle_time_min,revenue_kes,maintenance_kes,fuel_cost_kes,fuel_unit_cost_kes_per_l,fuel_amount_l
579236,2023-12-10,121.31,227.43,11.16,,,,,
579236,2023-12-11,119.74,245.78,11.64,,,,,
579236,2023-12-12,126.96,268.68,15.89,,,,,
579236,2023-12-13,67.08,152.66,7.25,,,,,
579236,2023-12-14,98.3,197.18,7.16,,,,,
579236,2023-12-15,103.1,221.85,10.49,,,,,
579236,2023-12-16,126.78,260.42,11.54,,,,,
579236,2023-12-17,100.96,204.55,12.81,,,,,
579236,2023-12-18,94.82,188.81,7.03,,,,,
579236,2023-12-19,187.33,337.9,18.82,,,,,
579236,2023-12-20,154.09,291.08,14.25,,,,,
579236,2023-12-21,93.27,194.93,7.14,,,,,
627618,2023-12-10,64.09,147.66,13.54,1500.00,350.00,750.00,217.36,3.45
627618,2023-12-11,70.87,150.66,9.88,1200.00,0.00,500.00,217.36,2.30
627618,2023-12-12,65.04,125.96,9.48,800.00,0.00,300.00,217.36,1.38
627618,2023-12-13,91.67,203.91,14.35,3600.00,0.00,800.00,217.36,3.68
627618,2023-12-14,105.45,193.75,9.18,1300.00,0.00,500.00,217.36,2.30
627618,2023-12-15,82.51,203.96,12.99,2700.00,0.00,850.00,217.36,3.91
627618,2023-12-16,112.85,222.81,8.84,1100.00,650.00,400.00,217.36,1.84
627618,2023-12-17,28.6,57.17,3.62,0.00,0.00,250.00,217.36,1.15
627618,2023-12-18,113.7,245.59,13.66,1100.00,0.00,450.00,217.36,2.07
627618,2023-12-19,72.95,218.38,16.65,700.00,0.00,300.00,217.36,1.38
627618,2023-12-20,46.78,141.3,11.79,800.00,0.00,800.00,217.36,3.68
627618,2023-12-21,61.84,178.28,10.53,,,,,
627621,2023-12-11,108.62,227.63,15.08,2000.00,0.00,800.00,217.36,3.68
627621,2023-12-12,21.79,45.96,3.67,1500.00,0.00,0.00,217.36,0.00
627621,2023-12-13,107.07,215.66,11.09,4000.00,0.00,1000.00,217.36,4.60
627621,2023-12-14,144.01,333.39,16.58,4200.00,0.00,1000.00,217.36,4.60
627621,2023-12-15,82.09,194.98,12.8,4200.00,0.00,1000.00,217.36,4.60
627621,2023-12-16,128.76,251.68,12.43,3800.00,200.00,700.00,217.36,3.22
627621,2023-12-18,106.0,201.79,8.59,2700.00,0.00,500.00,217.36,2.30
627621,2023-12-19,65.3,142.52,8.24,2500.00,0.00,400.00,217.36,1.84
627621,2023-12-20,71.64,164.97,13.83,2500.00,0.00,500.00,217.36,2.30
627627,2023-12-10,42.4,92.35,5.18,500.00,0.00,0.00,217.36,0.00
627627,2023-12-11,113.56,253.36,13.69,2000.00,0.00,700.00,217.36,3.22
627627,2023-12-12,31.22,72.47,4.67,600.00,0.00,300.00,217.36,1.38
627627,2023-12-13,121.46,278.14,15.79,1800.00,100.00,600.00,217.36,2.76
627627,2023-12-14,91.57,229.4,19.06,1800.00,0.00,700.00,217.36,3.22
627627,2023-12-15,103.99,267.28,23.49,1500.00,0.00,600.00,217.36,2.76
627627,2023-12-16,59.31,148.03,10.27,1000.00,100.00,300.00,217.36,1.38
627627,2023-12-17,63.06,135.89,8.28,300.00,0.00,100.00,217.36,0.46
627627,2023-12-18,87.91,218.14,18.67,1500.00,600.00,500.00,217.36,2.30
627627,2023-12-19,64.0,167.5,14.8,2000.00,0.00,700.00,217.36,3.22
627627,2023-12-20,89.72,226.99,20.08,2600.00,0.00,1000.00,217.36,4.60
627627,2023-12-21,66.8,167.78,10.6,,,,,
627641,2023-12-10,102.07,187.39,4.66,,,,,
627641,2023-12-11,97.94,208.49,10.7,,,,,
627641,2023-12-12,63.04,124.84,7.64,,,,,
627641,2023-12-13,98.73,214.06,11.92,,,,,
627641,2023-12-14,100.11,220.82,14.86,,,,,
627641,2023-12-15,161.8,232.25,7.61,,,,,
627641,2023-12-21,9.35,13.23,0.43,,,,,
627646,2023-12-11,106.97,213.75,16.17,2500.00,0.00,650.00,217.36,2.99
627646,2023-12-12,74.99,167.89,13.56,3000.00,1500.00,500.00,217.36,2.30
627646,2023-12-13,143.56,294.44,18.83,2000.00,7500.00,650.00,217.36,2.99
627646,2023-12-14,121.02,292.84,24.26,2000.00,0.00,450.00,217.36,2.07
627646,2023-12-15,148.43,320.88,15.69,3000.00,0.00,650.00,217.36,2.99
627646,2023-12-16,112.04,243.83,17.25,2000.00,0.00,450.00,217.36,2.07
627646,2023-12-18,114.31,240.65,15.07,1000.00,0.00,650.00,217.36,2.99
627646,2023-12-19,90.12,203.52,12.27,1500.00,0.00,450.00,217.36,2.07
627646,2023-12-20,125.81,269.26,18.05,2000.00,0.00,450.00,217.36,2.07
627646,2023-12-21,126.17,283.33,22.11,,,,,
627650,2023-12-10,41.98,64.38,2.92,2500.00,0.00,1000.00,217.36,4.60
627650,2023-12-11,122.24,218.04,8.94,3500.00,0.00,0.00,217.36,0.00
627650,2023-12-12,40.4,62.43,4.35,0.00,0.00,0.00,217.36,0.00
627650,2023-12-13,128.96,222.63,8.8,3000.00,0.00,800.00,217.36,3.68
627650,2023-12-14,87.6,160.99,6.52,4000.00,0.00,1000.00,217.36,4.60
627650,2023-12-15,104.81,218.07,8.6,3500.00,900.00,0.00,217.36,0.00
627650,2023-12-16,137.06,231.16,8.44,6000.00,0.00,0.00,217.36,0.00
627650,2023-12-17,1.94,6.35,0.45,0.00,0.00,1500.00,217.36,6.90
627650,2023-12-18,131.03,231.11,9.68,4700.00,0.00,0.00,217.36,0.00
627650,2023-12-19,157.51,270.46,11.83,3800.00,500.00,1000.00,217.36,4.60
627650,2023-12-20,84.57,153.88,6.72,4000.00,0.00,1000.00,217.36,4.60
627650,2023-12-21,64.68,111.71,4.29,,,,,
627761,2023-12-10,28.29,75.55,3.39,0.00,100.00,1000.00,217.36,4.60
627761,2023-12-11,167.95,327.75,19.49,4000.00,0.00,1000.00,217.36,4.60
627761,2023-12-12,75.25,124.6,4.26,0.00,0.00,0.00,217.36,0.00
627761,2023-12-13,126.74,243.71,14.22,3500.00,0.00,1000.00,217.36,4.60
627761,2023-12-14,179.09,332.95,15.44,4500.00,0.00,1000.00,217.36,4.60
627761,2023-12-15,83.19,155.13,4.51,2000.00,300.00,1000.00,217.36,4.60
627761,2023-12-16,98.38,176.07,8.79,2500.00,1650.00,1000.00,217.36,4.60
627761,2023-12-17,23.65,40.15,0.0,0.00,0.00,0.00,217.36,0.00
627761,2023-12-18,131.31,258.57,13.77,3500.00,0.00,1000.00,217.36,4.60
627761,2023-12-19,119.08,220.8,10.82,3000.00,150.00,1000.00,217.36,4.60
627761,2023-12-20,187.25,307.66,11.54,3500.00,0.00,1000.00,217.36,4.60
627761,2023-12-21,114.39,190.08,6.7,,,,,
629111,2023-12-12,86.55,182.24,12.85,2000.00,0.00,400.00,217.36,1.84
629111,2023-12-13,81.56,175.92,9.94,,,,,
629111,2023-12-14,98.4,215.7,11.15,,,,,
629111,2023-12-15,99.21,215.91,10.34,,,,,
629111,2023-12-16,83.14,178.39,11.98,,,,,
629111,2023-12-17,96.1,182.72,13.73,,,,,
629111,2023-12-18,70.42,148.3,8.63,,,,,
629111,2023-12-19,76.59,147.98,8.71,,,,,
629111,2023-12-20,0.52,2.05,0.33,,,,,
629111,2023-12-21,68.46,131.76,7.62,,,,,
629227,2023-12-13,53.33,98.26,5.5,,,,,
629227,2023-12-14,71.2,168.54,12.23,,,,,
629227,2023-12-15,70.38,167.56,12.05,,,,,
629227,2023-12-16,126.16,253.73,14.82,,,,,
629227,2023-12-17,57.82,126.27,6.02,,,,,
629227,2023-12-18,77.21,172.14,8.31,,,,,
629227,2023-12-19,78.2,192.18,12.06,,,,,
629227,2023-12-20,80.92,187.48,14.08,,,,,
629227,2023-12-21,63.56,151.34,8.65,,,,,
629244,2023-12-10,6.2,18.35,3.14,700.00,0.00,200.00,217.36,0.92
629269,2023-12-13,108.42,237.72,11.67,1500.00,0.00,500.00,217.36,2.30
629269,2023-12-14,13.09,23.04,1.48,0.00,0.00,0.00,217.36,0.00
629269,2023-12-17,19.17,53.18,2.79,0.00,600.00,150.00,217.36,0.69
629269,2023-12-18,188.33,386.85,19.76,1000.00,0.00,400.00,217.36,1.84
629269,2023-12-19,141.61,294.73,17.24,2000.00,0.00,1000.00,217.36,4.60
629269,2023-12-20,171.13,385.39,15.08,2000.00,0.00,800.00,217.36,3.68
629269,2023-12-21,157.48,350.9,17.23,,,,,
629280,2023-12-10,128.08,302.05,21.05,2300.00,0.00,1300.00,217.36,5.98
629280,2023-12-11,163.73,384.69,23.33,2000.00,0.00,600.00,217.36,2.76
629280,2023-12-12,127.34,289.48,12.75,2300.00,0.00,730.00,217.36,3.36
629280,2023-12-13,159.85,338.84,19.04,1200.00,30.00,930.00,217.36,4.28
629280,2023-12-14,85.38,188.74,10.57,1200.00,700.00,500.00,217.36,2.30
629280,2023-12-15,223.99,349.41,19.11,1000.00,0.00,800.00,217.36,3.68
629280,2023-12-16,29.96,67.07,4.52,0.00,0.00,0.00,217.36,0.00
629280,2023-12-17,193.09,472.83,32.78,3000.00,0.00,900.00,217.36,4.14
629280,2023-12-18,29.87,46.08,1.5,0.00,0.00,300.00,217.36,1.38
629280,2023-12-19,2.96,9.48,0.13,0.00,0.00,0.00,217.36,0.00
629307,2023-12-10,131.24,305.04,24.64,1500.00,0.00,600.00,217.36,2.76
629307,2023-12-11,75.09,200.38,19.96,0.00,0.00,300.00,217.36,1.38
629307,2023-12-12,76.43,193.18,18.97,1550.00,0.00,650.00,217.36,2.99
629307,2023-12-14,2.03,3.98,0.12,,,,,
629307,2023-12-15,83.1,226.63,22.21,,,,,
629307,2023-12-16,49.5,141.94,15.93,,,,,
629322,2023-12-10,114.39,312.8,25.5,0.00,0.00,340.00,217.36,1.56
629322,2023-12-11,48.6,143.07,12.25,0.00,2660.00,500.00,217.36,2.30
629322,2023-12-12,82.08,231.71,22.35,1600.00,0.00,700.00,217.36,3.22
629322,2023-12-13,171.94,269.7,11.54,1400.00,3500.00,700.00,217.36,3.22
629322,2023-12-14,57.42,168.84,10.17,1500.00,0.00,600.00,217.36,2.76
629322,2023-12-15,78.41,229.12,13.1,1600.00,0.00,450.00,217.36,2.07
629322,2023-12-16,35.56,108.84,7.63,800.00,0.00,400.00,217.36,1.84
629322,2023-12-18,2.36,5.7,0.47,0.00,0.00,300.00,217.36,1.38
629322,2023-12-19,16.84,37.75,1.67,0.00,0.00,0.00,217.36,0.00
629322,2023-12-20,4.61,13.66,1.24,0.00,0.00,0.00,217.36,0.00
629322,2023-12-21,69.43,129.44,7.03,,,,,
629407,2023-12-11,67.96,174.59,13.92,1200.00,0.00,700.00,217.36,3.22
629407,2023-12-12,67.32,147.87,9.87,1800.00,0.00,1000.00,217.36,4.60
629407,2023-12-13,79.12,195.0,12.81,1200.00,0.00,800.00,217.36,3.68
629407,2023-12-14,44.98,120.53,6.54,1200.00,1000.00,700.00,217.36,3.22
629407,2023-12-15,72.55,196.72,8.82,500.00,0.00,0.00,217.36,0.00
629407,2023-12-16,43.24,117.0,6.02,1400.00,0.00,1000.00,217.36,4.60
629407,2023-12-17,5.07,16.33,1.8,0.00,0.00,0.00,217.36,0.00
629407,2023-12-18,43.94,121.44,6.75,1500.00,300.00,1200.00,217.36,5.52
629407,2023-12-19,48.47,129.47,6.18,1000.00,0.00,700.00,217.36,3.22
629407,2023-12-20,38.96,114.83,6.77,700.00,1400.00,500.00,217.36,2.30
629407,2023-12-21,70.56,188.76,9.78,,,,,
629463,2023-12-10,104.49,250.57,23.91,1300.00,0.00,500.00,217.36,2.30
629463,2023-12-11,114.87,245.24,21.1,1500.00,800.00,600.00,217.36,2.76
629463,2023-12-12,90.2,222.25,20.23,500.00,0.00,400.00,217.36,1.84
629463,2023-12-13,115.3,260.92,21.76,800.00,0.00,500.00,217.36,2.30
629463,2023-12-14,104.52,253.85,23.92,1000.00,0.00,500.00,217.36,2.30
629463,2023-12-15,125.27,298.5,22.99,1200.00,0.00,600.00,217.36,2.76
629463,2023-12-16,138.24,298.85,18.34,1200.00,0.00,500.00,217.36,2.30
629463,2023-12-17,102.12,245.44,22.08,1500.00,0.00,700.00,217.36,3.22
629463,2023-12-18,146.34,319.51,22.42,1000.00,0.00,500.00,217.36,2.30
629463,2023-12-19,96.67,251.15,21.44,1800.00,0.00,700.00,217.36,3.22
629463,2023-12-20,119.97,291.26,23.64,1500.00,0.00,700.00,217.36,3.22
629463,2023-12-21,101.78,270.04,27.19,,,,,
629468,2023-12-15,47.3,125.56,10.56,1500.00,0.00,500.00,217.36,2.30
629468,2023-12-16,158.59,374.6,34.72,1500.00,0.00,450.00,217.36,2.07
629468,2023-12-17,153.19,352.03,31.38,1600.00,50.00,600.00,217.36,2.76
629468,2023-12-18,116.44,299.23,26.03,1500.00,0.00,600.00,217.36,2.76
629468,2023-12-19,141.04,334.64,29.17,1500.00,50.00,600.00,217.36,2.76
629468,2023-12-20,117.55,282.53,21.5,1400.00,0.00,500.00,217.36,2.30
629468,2023-12-21,118.88,319.34,32.57,,,,,
629728,2023-12-10,73.62,183.97,14.57,0.00,0.00,300.00,217.36,1.38
629728,2023-12-11,141.69,332.35,21.16,,,,,
629728,2023-12-12,81.8,175.17,10.13,900.00,0.00,300.00,217.36,1.38
629728,2023-12-13,111.91,273.81,20.36,1100.00,0.00,400.00,217.36,1.84
629728,2023-12-14,102.49,254.54,17.17,1450.00,0.00,500.00,217.36,2.30
629728,2023-12-15,112.36,262.5,16.27,1850.00,0.00,700.00,217.36,3.22
629728,2023-12-16,70.84,177.35,8.98,1300.00,0.00,700.00,217.36,3.22
629728,2023-12-17,62.47,141.06,8.14,0.00,0.00,300.00,217.36,1.38
629728,2023-12-18,131.1,305.9,15.1,1700.00,0.00,550.00,217.36,2.53
629728,2023-12-19,119.84,269.16,13.83,2300.00,0.00,700.00,217.36,3.22
629728,2023-12-20,112.37,280.68,21.4,2350.00,0.00,700.00,217.36,3.22
629728,2023-12-21,93.6,238.39,15.76,,,,,
629740,2023-12-10,58.26,199.84,18.17,,,,,
629740,2023-12-11,27.9,74.87,4.16,,,,,
629740,2023-12-12,56.34,164.8,9.48,,,,,
629740,2023-12-13,71.67,167.94,14.26,,,,,
629740,2023-12-14,24.91,78.76,6.65,,,,,
629740,2023-12-15,69.48,210.45,12.92,,,,,
629740,2023-12-16,55.01,173.29,11.47,,,,,
629740,2023-12-17,53.57,161.94,14.79,,,,,
629740,2023-12-18,76.07,178.46,6.66,,,,,
629740,2023-12-19,49.07,164.04,13.02,,,,,
629740,2023-12-20,66.04,213.8,11.66,,,,,
629740,2023-12-21,69.55,198.41,11.27,,,,,
629819,2023-12-10,41.12,142.26,11.25,1000.00,0.00,500.00,217.36,2.30
629819,2023-12-11,72.54,208.46,14.8,600.00,0.00,500.00,217.36,2.30
629819,2023-12-12,79.88,254.23,12.21,1500.00,0.00,600.00,217.36,2.76
629819,2023-12-13,73.04,201.23,13.56,900.00,0.00,500.00,217.36,2.30
629819,2023-12-14,51.9,173.6,10.77,900.00,400.00,500.00,217.36,2.30
629819,2023-12-15,69.41,223.45,17.01,1500.00,150.00,700.00,217.36,3.22
629819,2023-12-16,82.39,262.58,16.77,1300.00,0.00,500.00,217.36,2.30
629819,2023-12-17,84.02,275.85,19.48,1500.00,350.00,700.00,217.36,3.22
629819,2023-12-18,58.56,192.6,15.97,1000.00,0.00,600.00,217.36,2.76
629819,2023-12-19,65.05,200.29,12.95,800.00,0.00,600.00,217.36,2.76
629819,2023-12-20,52.14,170.85,12.29,700.00,5650.00,500.00,217.36,2.30
629819,2023-12-21,74.58,225.2,16.5,,,,,
629851,2023-12-10,142.54,378.4,22.9,2500.00,0.00,700.00,217.36,3.22
629851,2023-12-11,94.68,281.81,21.06,1700.00,0.00,650.00,217.36,2.99
629851,2023-12-12,38.23,132.72,10.61,1900.00,0.00,500.00,217.36,2.30
629851,2023-12-13,69.53,166.21,6.2,1300.00,0.00,500.00,217.36,2.30
629851,2023-12-14,65.86,198.62,14.79,1700.00,1850.00,600.00,217.36,2.76
629851,2023-12-15,83.61,243.92,20.74,1500.00,0.00,450.00,217.36,2.07
629851,2023-12-16,61.84,203.87,14.33,1300.00,0.00,450.00,217.36,2.07
629851,2023-12-17,48.77,153.41,12.0,1400.00,0.00,500.00,217.36,2.30
629851,2023-12-18,106.38,290.16,17.4,2300.00,0.00,750.00,217.36,3.45
629851,2023-12-19,79.3,222.54,15.51,1000.00,0.00,450.00,217.36,2.07
629851,2023-12-20,71.77,221.03,17.09,1400.00,100.00,500.00,217.36,2.30
629851,2023-12-21,60.11,182.43,11.09,,,,,
629867,2023-12-11,69.99,167.6,13.75,1700.00,0.00,600.00,217.36,2.76
629867,2023-12-12,43.18,115.87,10.04,1500.00,0.00,450.00,217.36,2.07
629867,2023-12-13,57.92,151.9,17.36,1500.00,0.00,300.00,217.36,1.38
629867,2023-12-14,100.24,244.85,19.4,,,,,
629867,2023-12-15,96.76,314.35,72.47,2500.00,0.00,600.00,217.36,2.76
629867,2023-12-16,71.88,207.24,17.26,2100.00,0.00,500.00,217.36,2.30
629867,2023-12-18,64.79,169.78,16.72,1500.00,100.00,500.00,217.36,2.30
629867,2023-12-19,146.47,342.73,25.44,2750.00,0.00,750.00,217.36,3.45
629867,2023-12-20,65.99,163.58,15.49,1500.00,0.00,450.00,217.36,2.07
629867,2023-12-21,58.82,152.43,9.38,,,,,
630389,2023-12-10,70.25,142.87,6.99,800.00,0.00,200.00,217.36,0.92
630389,2023-12-11,98.66,214.49,13.22,2000.00,0.00,400.00,217.36,1.84
630389,2023-12-12,67.93,153.15,8.86,2000.00,0.00,450.00,217.36,2.07
630389,2023-12-13,80.85,205.82,8.75,1500.00,0.00,300.00,217.36,1.38
630389,2023-12-14,58.71,167.34,6.29,1100.00,0.00,500.00,217.36,2.30
630389,2023-12-15,48.81,129.76,7.07,700.00,100.00,400.00,217.36,1.84
630389,2023-12-16,94.57,223.13,12.63,1700.00,0.00,700.00,217.36,3.22
630389,2023-12-17,46.0,106.18,5.5,0.00,0.00,0.00,217.36,0.00
630389,2023-12-18,79.88,193.82,11.81,1100.00,0.00,300.00,217.36,1.38
630389,2023-12-19,74.53,193.2,11.8,1300.00,0.00,450.00,217.36,2.07
630389,2023-12-20,63.62,154.55,11.89,1100.00,0.00,500.00,217.36,2.30
630389,2023-12-21,57.14,146.44,10.14,,,,,
630699,2023-12-10,89.01,239.91,20.76,2000.00,0.00,0.00,217.36,0.00
630699,2023-12-11,155.64,356.8,26.34,0.00,0.00,500.00,217.36,2.30
630699,2023-12-12,116.45,285.39,24.31,0.00,0.00,300.00,217.36,1.38
630699,2023-12-13,119.46,278.46,21.54,1500.00,0.00,600.00,217.36,2.76
630699,2023-12-14,114.07,276.39,21.5,2000.00,0.00,600.00,217.36,2.76
630699,2023-12-15,122.28,286.35,16.9,1500.00,0.00,500.00,217.36,2.30
630699,2023-12-16,81.42,209.97,18.27,,,,,
630716,2023-12-10,70.45,167.15,8.56,1500.00,0.00,500.00,217.36,2.30
630716,2023-12-11,183.51,442.37,28.13,3700.00,0.00,700.00,217.36,3.22
630716,2023-12-12,123.26,301.64,18.8,2500.00,0.00,750.00,217.36,3.45
630716,2023-12-13,135.36,312.53,14.4,2700.00,0.00,685.00,217.36,3.15
630716,2023-12-14,179.65,422.34,23.29,2700.00,0.00,700.00,217.36,3.22
630716,2023-12-15,171.87,444.08,28.84,3500.00,100.00,1000.00,217.36,4.60
630716,2023-12-16,137.18,333.6,16.36,3000.00,0.00,700.00,217.36,3.22
630716,2023-12-17,19.24,54.14,4.04,1000.00,100.00,400.00,217.36,1.84
630716,2023-12-18,233.8,525.5,32.54,5000.00,0.00,1200.00,217.36,5.52
630716,2023-12-19,89.35,223.51,11.92,2000.00,0.00,600.00,217.36,2.76
630716,2023-12-20,125.48,294.06,12.96,2700.00,0.00,750.00,217.36,3.45
630716,2023-12-21,142.07,335.17,20.01,,,,,
638000,2023-12-10,113.13,256.8,17.31,3100.00,0.00,400.00,217.36,1.84
638000,2023-12-12,63.47,140.91,7.47,1200.00,0.00,400.00,217.36,1.84
638000,2023-12-13,47.82,106.62,5.35,500.00,0.00,0.00,217.36,0.00
638000,2023-12-14,84.36,197.99,13.13,2100.00,0.00,500.00,217.36,2.30
638000,2023-12-15,89.11,205.42,13.54,1800.00,0.00,300.00,217.36,1.38
638000,2023-12-16,149.75,324.3,22.08,4300.00,0.00,800.00,217.36,3.68
638000,2023-12-17,46.75,106.03,4.51,1050.00,0.00,200.00,217.36,0.92
638000,2023-12-18,47.68,108.63,5.33,1000.00,0.00,200.00,217.36,0.92
638000,2023-12-19,66.46,152.49,9.14,1600.00,4000.00,300.00,217.36,1.38
638000,2023-12-20,59.74,138.53,7.4,1700.00,0.00,400.00,217.36,1.84
638000,2023-12-21,66.14,147.13,8.95,,,,,
638005,2023-12-10,132.66,248.81,17.64,2500.00,0.00,1000.00,217.36,4.60
638005,2023-12-11,196.77,434.38,29.09,3200.00,0.00,1000.00,217.36,4.60
638005,2023-12-12,62.51,142.86,13.74,1200.00,0.00,400.00,217.36,1.84
638005,2023-12-13,229.67,481.79,30.73,3400.00,600.00,1200.00,217.36,5.52
638005,2023-12-14,149.08,341.76,22.18,2600.00,0.00,800.00,217.36,3.68
638005,2023-12-15,191.38,444.59,27.36,3400.00,0.00,1200.00,217.36,5.52
638005,2023-12-16,165.55,334.4,18.88,2700.00,0.00,1000.00,217.36,4.60
638005,2023-12-17,128.03,296.05,24.45,2200.00,0.00,700.00,217.36,3.22
638005,2023-12-18,173.52,355.17,18.95,2300.00,0.00,700.00,217.36,3.22
638005,2023-12-19,176.07,388.78,26.87,3200.00,0.00,1200.00,217.36,5.52
638005,2023-12-20,176.06,384.52,19.77,2700.00,0.00,1200.00,217.36,5.52
638005,2023-12-21,139.44,313.66,19.81,,,,,
638015,2023-12-10,177.21,442.65,34.77,1700.00,0.00,800.00,217.36,3.68
638015,2023-12-11,94.24,271.66,23.8,1700.00,50.00,800.00,217.36,3.68
638015,2023-12-12,146.26,374.48,31.65,1300.00,0.00,500.00,217.36,2.30
638015,2023-12-13,115.8,276.88,17.28,1400.00,400.00,600.00,217.36,2.76
638015,2023-12-14,133.94,345.57,20.4,1400.00,0.00,600.00,217.36,2.76
638015,2023-12-15,165.53,415.49,26.4,1700.00,0.00,800.00,217.36,3.68
638015,2023-12-16,105.92,279.63,19.54,1300.00,50.00,600.00,217.36,2.76
638015,2023-12-17,96.53,260.94,22.63,1500.00,0.00,800.00,217.36,3.68
638015,2023-12-18,95.1,263.13,21.03,1300.00,0.00,700.00,217.36,3.22
638015,2023-12-19,118.25,281.6,21.42,1400.00,0.00,550.00,217.36,2.53
638015,2023-12-20,103.61,272.06,22.54,1100.00,0.00,500.00,217.36,2.30
638015,2023-12-21,123.67,313.63,25.22,,,,,
638038,2023-12-10,12.98,27.54,1.3,0.00,0.00,0.00,217.36,0.00
638038,2023-12-11,83.44,167.45,8.59,1500.00,0.00,700.00,217.36,3.22
638038,2023-12-12,40.66,64.74,2.32,0.00,0.00,0.00,217.36,0.00
638038,2023-12-13,105.66,176.59,4.92,1300.00,0.00,600.00,217.36,2.76
638038,2023-12-14,143.87,255.87,10.73,1500.00,0.00,600.00,217.36,2.76
638038,2023-12-15,72.98,148.2,11.03,1300.00,0.00,600.00,217.36,2.76
638038,2023-12-16,131.73,253.56,12.18,,,,,
638038,2023-12-17,0.0,39.62,39.62,0.00,0.00,0.00,217.36,0.00
638056,2023-12-10,138.45,293.49,17.56,400.00,0.00,200.00,217.36,0.92
638056,2023-12-11,125.31,269.89,17.75,3500.00,300.00,800.00,217.36,3.68
638056,2023-12-12,86.09,184.52,12.27,1200.00,0.00,400.00,217.36,1.84
638056,2023-12-13,164.06,307.91,13.75,1800.00,4400.00,800.00,217.36,3.68
638056,2023-12-14,175.41,291.33,10.77,2000.00,0.00,600.00,217.36,2.76
638056,2023-12-15,99.51,176.97,9.82,1700.00,150.00,1000.00,217.36,4.60
638056,2023-12-16,135.81,282.85,13.77,3100.00,0.00,1350.00,217.36,6.21
638056,2023-12-17,89.07,188.04,10.47,0.00,0.00,0.00,217.36,0.00
638056,2023-12-18,89.42,228.9,14.13,800.00,0.00,600.00,217.36,2.76
638056,2023-12-19,107.1,253.36,13.85,800.00,250.00,800.00,217.36,3.68
638056,2023-12-20,188.98,367.78,19.41,1650.00,0.00,800.00,217.36,3.68
638056,2023-12-21,63.44,128.35,6.52,,,,,
638127,2023-12-11,57.95,148.46,8.93,1500.00,0.00,400.00,217.36,1.84
638127,2023-12-12,55.68,153.13,8.25,1000.00,0.00,300.00,217.36,1.38
638127,2023-12-13,54.21,155.85,12.96,1200.00,0.00,300.00,217.36,1.38
638127,2023-12-14,76.36,187.11,12.77,1500.00,0.00,400.00,217.36,1.84
638127,2023-12-15,5.39,11.5,0.17,1200.00,0.00,350.00,217.36,1.61
638292,2023-12-10,84.82,172.01,6.99,47000.00,0.00,1850.00,217.36,8.51
638292,2023-12-11,99.96,183.43,5.96,87000.00,0.00,2150.00,217.36,9.89
638292,2023-12-12,72.15,152.44,6.88,53000.00,0.00,2000.00,217.36,9.20
638292,2023-12-13,54.6,107.77,4.16,48000.00,0.00,1950.00,217.36,8.97
638292,2023-12-14,33.96,73.57,2.99,69000.00,0.00,2200.00,217.36,10.12
638292,2023-12-15,38.29,77.9,2.85,53000.00,100.00,1800.00,217.36,8.28
638292,2023-12-16,11.64,39.63,1.69,53000.00,1000.00,1900.00,217.36,8.74
638292,2023-12-17,87.99,188.2,10.6,43000.00,0.00,2000.00,217.36,9.20
638292,2023-12-18,42.45,86.12,3.25,39000.00,0.00,1750.00,217.36,8.05
638292,2023-12-19,61.06,119.73,5.12,46000.00,0.00,1800.00,217.36,8.28
638292,2023-12-20,113.28,249.84,9.46,59000.00,0.00,2000.00,217.36,9.20
638292,2023-12-21,10.77,26.79,0.7,,,,,
638298,2023-12-10,8.03,24.71,1.59,0.00,0.00,100.00,217.36,0.46
638298,2023-12-11,109.3,249.66,15.53,2800.00,0.00,750.00,217.36,3.45
638298,2023-12-12,35.84,99.57,5.23,1200.00,0.00,250.00,217.36,1.15
638298,2023-12-13,105.05,221.4,12.33,2700.00,0.00,750.00,217.36,3.45
638298,2023-12-14,92.28,212.02,11.1,1900.00,100.00,500.00,217.36,2.30
638298,2023-12-15,120.35,256.49,10.84,2900.00,0.00,750.00,217.36,3.45
638298,2023-12-17,45.95,138.52,12.48,0.00,0.00,0.00,217.36,0.00
638298,2023-12-18,133.6,279.25,17.16,3200.00,350.00,800.00,217.36,3.68
638298,2023-12-19,74.93,190.46,13.23,2200.00,0.00,500.00,217.36,2.30
638298,2023-12-20,152.23,263.18,13.52,3600.00,100.00,1250.00,217.36,5.75
638298,2023-12-21,103.78,199.0,12.43,,,,,
638497,2023-12-10,2.8,6.51,0.45,0.00,0.00,0.00,217.36,0.00
638497,2023-12-11,38.43,109.93,5.88,1000.00,0.00,600.00,217.36,2.76
638497,2023-12-12,92.42,231.29,12.55,0.00,0.00,0.00,217.36,0.00
638497,2023-12-13,114.58,279.46,17.56,1000.00,0.00,600.00,217.36,2.76
638497,2023-12-14,91.74,217.99,7.77,1000.00,0.00,600.00,217.36,2.76
638497,2023-12-15,59.77,150.22,5.34,1000.00,0.00,550.00,217.36,2.53
638497,2023-12-16,50.47,145.13,8.35,1000.00,0.00,600.00,217.36,2.76
638497,2023-12-17,96.53,120.32,1.86,800.00,0.00,400.00,217.36,1.84
638497,2023-12-18,62.71,152.08,7.65,1000.00,0.00,600.00,217.36,2.76
638497,2023-12-19,72.08,191.95,10.9,1000.00,100.00,600.00,217.36,2.76
638497,2023-12-20,78.49,169.83,7.16,1000.00,0.00,600.00,217.36,2.76
638497,2023-12-21,44.02,118.21,5.05,,,,,
638504,2023-12-11,70.86,155.31,10.5,1700.00,100.00,1000.00,217.36,4.60
638504,2023-12-12,46.79,102.57,7.2,800.00,0.00,500.00,217.36,2.30
638504,2023-12-13,73.34,150.27,7.88,1200.00,100.00,500.00,217.36,2.30
638504,2023-12-14,84.46,173.8,8.95,1100.00,250.00,700.00,217.36,3.22
638504,2023-12-15,51.68,113.1,8.7,1300.00,0.00,500.00,217.36,2.30
638504,2023-12-16,100.67,182.76,9.52,1700.00,0.00,1000.00,217.36,4.60
638504,2023-12-18,63.05,152.61,5.99,900.00,100.00,500.00,217.36,2.30
638504,2023-12-19,75.94,159.83,10.96,1800.00,0.00,800.00,217.36,3.68
638504,2023-12-20,92.41,191.25,12.79,1300.00,100.00,1000.00,217.36,4.60
638504,2023-12-21,90.64,187.33,14.48,,,,,
638510,2023-12-10,109.03,270.14,18.97,0.00,0.00,0.00,217.36,0.00
638510,2023-12-11,146.18,337.76,21.16,1200.00,0.00,550.00,217.36,2.53
638510,2023-12-12,116.78,264.92,13.13,700.00,0.00,300.00,217.36,1.38
638510,2023-12-13,137.54,317.94,20.18,1400.00,0.00,500.00,217.36,2.30
638510,2023-12-14,105.91,236.6,9.66,800.00,0.00,350.00,217.36,1.61
638510,2023-12-15,97.32,228.85,15.39,1300.00,0.00,400.00,217.36,1.84
638510,2023-12-16,94.68,233.66,13.95,1300.00,100.00,350.00,217.36,1.61
638510,2023-12-17,108.07,243.5,17.77,0.00,0.00,0.00,217.36,0.00
638510,2023-12-18,124.56,298.31,16.99,1500.00,0.00,400.00,217.36,1.84
638510,2023-12-19,87.08,197.89,13.56,0.00,0.00,0.00,217.36,0.00
638510,2023-12-20,37.67,98.62,7.91,0.00,0.00,0.00,217.36,0.00
638510,2023-12-21,121.51,249.46,13.43,,,,,
638517,2023-12-10,61.69,156.27,10.74,1000.00,100.00,440.00,217.36,2.02
638517,2023-12-11,94.2,217.69,9.62,1000.00,0.00,500.00,217.36,2.30
638517,2023-12-12,90.65,240.91,18.82,800.00,0.00,500.00,217.36,2.30
638517,2023-12-13,83.04,229.35,14.3,1000.00,0.00,500.00,217.36,2.30
638517,2023-12-14,54.08,148.81,11.32,1000.00,0.00,500.00,217.36,2.30
638517,2023-12-15,83.27,225.05,13.79,800.00,0.00,1000.00,217.36,4.60
638517,2023-12-16,114.52,308.47,17.66,1700.00,400.00,1000.00,217.36,4.60
638517,2023-12-17,48.58,129.43,10.91,800.00,0.00,250.00,217.36,1.15
638517,2023-12-18,66.46,177.01,12.83,800.00,0.00,500.00,217.36,2.30
638517,2023-12-19,45.37,108.35,5.99,1200.00,0.00,500.00,217.36,2.30
640063,2023-12-10,21.41,66.04,2.27,0.00,0.00,200.00,217.36,0.92
640063,2023-12-11,104.17,221.23,6.15,1900.00,0.00,1050.00,217.36,4.83
640063,2023-12-12,8.98,24.43,1.23,0.00,0.00,200.00,217.36,0.92
640063,2023-12-13,73.9,174.17,5.76,2600.00,0.00,900.00,217.36,4.14
640063,2023-12-14,100.99,241.06,15.07,1640.00,0.00,400.00,217.36,1.84
640063,2023-12-15,114.57,241.7,11.52,2200.00,0.00,600.00,217.36,2.76
640063,2023-12-16,39.35,88.31,2.64,0.00,100.00,300.00,217.36,1.38
640063,2023-12-17,18.69,40.88,1.8,0.00,100.00,0.00,217.36,0.00
640063,2023-12-19,84.8,193.28,9.33,2700.00,400.00,600.00,217.36,2.76
640063,2023-12-20,77.56,184.48,7.46,2600.00,550.00,400.00,217.36,1.84
640063,2023-12-21,120.35,267.32,12.68,,,,,
640122,2023-12-10,107.85,240.78,12.49,1800.00,0.00,0.00,217.36,0.00
640122,2023-12-11,96.43,231.64,12.32,2100.00,100.00,0.00,217.36,0.00
640122,2023-12-12,42.13,110.37,9.67,2000.00,0.00,2000.00,217.36,9.20
640122,2023-12-13,29.6,69.47,4.3,2300.00,0.00,2000.00,217.36,9.20
640122,2023-12-14,71.7,191.01,12.93,2300.00,100.00,0.00,217.36,0.00
640122,2023-12-15,81.75,216.12,15.34,2200.00,0.00,0.00,217.36,0.00
640122,2023-12-16,77.91,196.9,11.69,2100.00,700.00,0.00,217.36,0.00
640122,2023-12-17,95.76,214.28,12.98,2300.00,100.00,0.00,217.36,0.00
640122,2023-12-18,79.05,199.13,11.79,2000.00,0.00,0.00,217.36,0.00
640122,2023-12-19,21.0,57.72,4.2,2200.00,100.00,0.00,217.36,0.00
640122,2023-12-20,79.35,191.0,14.15,2100.00,0.00,0.00,217.36,0.00
640122,2023-12-21,30.05,79.32,7.64,,,,,
640174,2023-12-10,50.05,103.85,8.0,1900.00,900.00,0.00,217.36,0.00
640174,2023-12-11,61.03,161.12,13.27,1700.00,0.00,800.00,217.36,3.68
640174,2023-12-12,70.63,167.06,15.92,0.00,0.00,0.00,217.36,0.00
640174,2023-12-13,79.41,185.31,13.74,1300.00,0.00,500.00,217.36,2.30
640174,2023-12-14,87.33,237.76,24.42,1300.00,0.00,500.00,217.36,2.30
640174,2023-12-15,77.17,189.51,12.81,1900.00,0.00,700.00,217.36,3.22
640174,2023-12-16,82.07,193.01,13.01,1400.00,0.00,600.00,217.36,2.76
640174,2023-12-17,63.28,147.56,8.88,0.00,450.00,0.00,217.36,0.00
640174,2023-12-18,72.2,177.38,13.92,1100.00,0.00,400.00,217.36,1.84
640174,2023-12-19,52.65,128.08,9.37,1300.00,0.00,500.00,217.36,2.30
640174,2023-12-20,72.28,177.8,17.6,2000.00,150.00,700.00,217.36,3.22
640174,2023-12-21,64.46,147.19,10.11,,,,,
640181,2023-12-10,91.42,200.91,39.99,1551.00,0.00,550.00,217.36,2.53
640181,2023-12-11,14.5,48.58,3.78,0.00,100.00,200.00,217.36,0.92
640181,2023-12-12,64.07,175.65,8.09,0.00,500.00,200.00,217.36,0.92
640181,2023-12-13,136.66,301.52,13.47,1400.00,0.00,500.00,217.36,2.30
640181,2023-12-14,63.77,158.48,9.09,1100.00,0.00,400.00,217.36,1.84
640181,2023-12-15,95.77,209.14,9.82,0.00,0.00,300.00,217.36,1.38
640181,2023-12-16,28.06,63.67,3.07,0.00,0.00,300.00,217.36,1.38
640181,2023-12-17,57.1,147.33,7.81,600.00,0.00,300.00,217.36,1.38
640181,2023-12-18,15.48,49.88,4.08,0.00,0.00,150.00,217.36,0.69
640181,2023-12-19,59.97,153.68,5.68,700.00,100.00,200.00,217.36,0.92
640181,2023-12-20,54.17,158.32,10.64,600.00,0.00,200.00,217.36,0.92
640181,2023-12-21,67.81,169.98,6.3,,,,,
640186,2023-12-10,125.03,230.39,17.89,2000.00,0.00,520.00,217.36,2.39
640186,2023-12-11,113.06,239.47,18.57,3300.00,40.00,600.00,217.36,2.76
640186,2023-12-12,2.6,10.33,0.99,0.00,0.00,0.00,217.36,0.00
640186,2023-12-13,95.13,184.1,12.32,1300.00,50.00,520.00,217.36,2.39
640186,2023-12-14,142.29,276.12,20.48,2000.00,0.00,520.00,217.36,2.39
640186,2023-12-15,98.48,228.27,21.5,3400.00,0.00,750.00,217.36,3.45
640186,2023-12-16,152.08,281.99,20.97,2100.00,0.00,550.00,217.36,2.53
640186,2023-12-17,167.33,287.37,15.58,2200.00,0.00,550.00,217.36,2.53
640186,2023-12-18,96.15,191.58,14.27,3400.00,200.00,700.00,217.36,3.22
640186,2023-12-19,149.47,269.45,19.38,2700.00,0.00,550.00,217.36,2.53
640186,2023-12-20,159.56,285.64,13.92,600.00,3200.00,550.00,217.36,2.53
640186,2023-12-21,107.96,224.88,13.85,,,,,
640191,2023-12-10,172.82,329.83,19.83,4000.00,800.00,1000.00,217.36,4.60
640191,2023-12-11,148.07,301.88,22.24,2500.00,0.00,500.00,217.36,2.30
640191,2023-12-12,6.84,18.77,1.99,0.00,0.00,0.00,217.36,0.00
640191,2023-12-13,131.09,263.44,20.37,2500.00,100.00,700.00,217.36,3.22
640191,2023-12-14,131.87,269.11,18.44,1800.00,0.00,500.00,217.36,2.30
640191,2023-12-15,98.46,210.07,12.16,3000.00,100.00,700.00,217.36,3.22
640191,2023-12-16,79.25,166.86,10.38,3500.00,0.00,500.00,217.36,2.30
640191,2023-12-17,108.12,230.57,16.38,2000.00,100.00,500.00,217.36,2.30
640191,2023-12-18,63.64,148.1,8.42,2000.00,100.00,500.00,217.36,2.30
640191,2023-12-19,8.45,27.37,3.69,0.00,0.00,0.00,217.36,0.00
640191,2023-12-20,78.08,157.11,9.63,2500.00,0.00,500.00,217.36,2.30
640191,2023-12-21,81.74,176.95,13.29,,,,,
640315,2023-12-10,96.4,206.01,13.8,2800.00,0.00,500.00,217.36,2.30
640315,2023-12-12,136.85,269.92,15.05,2200.00,0.00,500.00,217.36,2.30
640315,2023-12-13,83.3,185.87,12.87,3900.00,0.00,700.00,217.36,3.22
640315,2023-12-15,91.61,196.76,12.21,4000.00,0.00,700.00,217.36,3.22
640315,2023-12-16,121.36,254.3,15.3,4200.00,0.00,700.00,217.36,3.22
640315,2023-12-17,66.39,138.84,5.99,2700.00,0.00,500.00,217.36,2.30
640315,2023-12-19,146.69,296.89,13.98,2500.00,0.00,500.00,217.36,2.30
640315,2023-12-20,45.13,115.15,8.75,2700.00,0.00,500.00,217.36,2.30
640315,2023-12-21,114.68,241.87,15.47,,,,,
640352,2023-12-10,131.53,312.09,21.02,2800.00,0.00,660.00,217.36,3.04
640352,2023-12-12,83.62,200.73,5.49,1500.00,0.00,440.00,217.36,2.02
640352,2023-12-13,147.17,340.58,16.75,1800.00,100.00,2.00,217.36,0.01
640352,2023-12-14,152.25,341.24,15.58,2400.00,0.00,660.00,217.36,3.04
640352,2023-12-15,231.47,484.58,23.59,4600.00,0.00,1100.00,217.36,5.06
640352,2023-12-16,78.06,195.59,8.6,1400.00,100.00,440.00,217.36,2.02
640352,2023-12-17,56.63,145.47,4.78,1400.00,100.00,440.00,217.36,2.02
640352,2023-12-18,203.27,477.61,28.68,4200.00,0.00,880.00,217.36,4.05
640352,2023-12-19,166.26,368.51,17.83,3600.00,0.00,880.00,217.36,4.05
640352,2023-12-20,199.97,432.38,20.52,4200.00,100.00,880.00,217.36,4.05
640352,2023-12-21,134.06,301.52,14.37,,,,,
640652,2023-12-10,138.81,278.47,11.91,1800.00,100.00,700.00,217.36,3.22
640652,2023-12-11,181.42,366.58,19.17,2200.00,0.00,800.00,217.36,3.68
640652,2023-12-12,136.17,282.27,14.16,1800.00,0.00,500.00,217.36,2.30
640652,2023-12-13,101.61,244.93,14.57,1500.00,0.00,500.00,217.36,2.30
640652,2023-12-14,120.18,260.81,12.14,1500.00,0.00,600.00,217.36,2.76
640652,2023-12-15,73.51,163.67,8.44,1200.00,0.00,650.00,217.36,2.99
640652,2023-12-16,194.62,406.24,22.09,2000.00,0.00,1000.00,217.36,4.60
640654,2023-12-10,117.52,179.15,5.7,2300.00,0.00,1000.00,217.36,4.60
640654,2023-12-11,130.95,225.36,9.55,2400.00,900.00,500.00,217.36,2.30
640654,2023-12-12,162.45,245.89,9.1,3500.00,2000.00,1000.00,217.36,4.60
640654,2023-12-13,136.99,231.1,10.99,1800.00,0.00,1000.00,217.36,4.60
640654,2023-12-14,135.37,253.6,10.45,2300.00,0.00,500.00,217.36,2.30
640654,2023-12-15,201.23,393.15,18.83,4400.00,0.00,1000.00,217.36,4.60
640654,2023-12-16,168.44,287.45,9.44,2200.00,0.00,1000.00,217.36,4.60
640654,2023-12-17,135.39,197.84,7.12,2800.00,0.00,1000.00,217.36,4.60
640654,2023-12-18,199.6,336.58,14.89,3400.00,0.00,1000.00,217.36,4.60
640654,2023-12-19,218.0,398.49,16.72,3900.00,0.00,1000.00,217.36,4.60
640654,2023-12-20,163.08,291.94,16.3,3300.00,0.00,1000.00,217.36,4.60
640654,2023-12-21,246.82,444.42,17.74,,,,,
661673,2023-12-10,43.31,123.11,9.61,800.00,0.00,200.00,217.36,0.92
661673,2023-12-11,68.09,189.38,17.16,1200.00,0.00,450.00,217.36,2.07
661673,2023-12-12,46.11,121.57,10.15,,,,,
661673,2023-12-13,65.6,187.92,19.17,1200.00,0.00,450.00,217.36,2.07
661673,2023-12-14,73.09,196.2,18.37,1300.00,0.00,450.00,217.36,2.07
661673,2023-12-15,70.61,203.4,17.39,1400.00,0.00,450.00,217.36,2.07
661673,2023-12-16,112.44,275.46,17.02,1700.00,0.00,450.00,217.36,2.07
661673,2023-12-17,27.32,83.07,7.98,400.00,0.00,250.00,217.36,1.15
661673,2023-12-18,79.68,213.31,18.33,900.00,460.00,450.00,217.36,2.07
661673,2023-12-19,57.85,158.45,16.52,700.00,2900.00,250.00,217.36,1.15
661673,2023-12-20,73.25,196.56,17.09,1400.00,0.00,250.00,217.36,1.15
661673,2023-12-21,98.57,248.08,20.08,,,,,
661682,2023-12-11,59.28,136.76,7.39,1080.00,50.00,200.00,217.36,0.92
661682,2023-12-12,49.81,147.25,7.25,1150.00,0.00,200.00,217.36,0.92
661682,2023-12-13,46.53,131.92,9.18,980.00,0.00,200.00,217.36,0.92
661682,2023-12-14,39.82,106.7,9.95,1000.00,50.00,200.00,217.36,0.92
661682,2023-12-15,49.74,148.26,8.18,1100.00,0.00,200.00,217.36,0.92
661682,2023-12-16,9.38,30.0,1.09,0.00,0.00,150.00,217.36,0.69
661682,2023-12-17,1.64,6.04,0.48,540.00,0.00,100.00,217.36,0.46
661682,2023-12-18,64.16,200.26,15.78,1200.00,0.00,200.00,217.36,0.92
661682,2023-12-19,42.96,117.58,6.43,900.00,100.00,200.00,217.36,0.92
661682,2023-12-20,32.85,96.84,7.72,830.00,500.00,200.00,217.36,0.92
661682,2023-12-21,52.87,152.73,11.12,,,,,
662387,2023-12-10,16.64,41.3,0.5,0.00,750.00,0.00,217.36,0.00
662387,2023-12-11,50.15,127.2,8.74,1130.00,0.00,350.00,217.36,1.61
662387,2023-12-12,27.36,63.5,3.16,450.00,0.00,200.00,217.36,0.92
662387,2023-12-13,61.7,156.51,10.58,1120.00,0.00,350.00,217.36,1.61
662387,2023-12-14,49.24,135.79,8.07,1080.00,0.00,400.00,217.36,1.84
662387,2023-12-15,60.49,176.82,12.58,1420.00,0.00,350.00,217.36,1.61
662387,2023-12-16,69.57,194.49,12.18,1770.00,0.00,400.00,217.36,1.84
662387,2023-12-17,73.25,119.54,3.43,0.00,0.00,500.00,217.36,2.30
662387,2023-12-18,59.04,159.84,10.08,1120.00,0.00,350.00,217.36,1.61
662387,2023-12-19,39.39,112.85,9.17,920.00,0.00,350.00,217.36,1.61
662387,2023-12-20,64.92,159.15,8.69,1200.00,0.00,350.00,217.36,1.61
662387,2023-12-21,75.0,187.4,11.26,,,,,
662555,2023-12-13,32.15,59.06,3.27,,,,,
662555,2023-12-14,69.28,159.83,15.04,,,,,
662555,2023-12-15,63.22,157.32,10.37,,,,,
662555,2023-12-16,69.78,160.91,10.83,,,,,
662555,2023-12-17,89.77,180.11,13.96,,,,,
662555,2023-12-18,64.99,146.3,10.43,,,,,
662555,2023-12-19,142.57,288.9,25.71,,,,,
662555,2023-12-20,46.6,84.29,4.93,,,,,
662555,2023-12-21,87.29,179.01,12.29,,,,,
662571,2023-12-15,42.95,118.65,9.69,900.00,0.00,300.00,217.36,1.38
662571,2023-12-16,70.9,211.35,19.12,1200.00,0.00,350.00,217.36,1.61
662571,2023-12-17,26.34,74.63,9.39,0.00,100.00,200.00,217.36,0.92
662571,2023-12-18,37.62,111.25,8.53,700.00,0.00,300.00,217.36,1.38
662571,2023-12-19,23.0,66.39,6.04,750.00,0.00,450.00,217.36,2.07
662571,2023-12-20,15.09,42.83,4.41,0.00,0.00,0.00,217.36,0.00
662575,2023-12-10,31.45,88.87,6.8,700.00,0.00,250.00,217.36,1.15
662575,2023-12-11,69.45,182.43,10.43,1310.00,100.00,400.00,217.36,1.84
662575,2023-12-12,42.11,103.97,6.8,830.00,0.00,300.00,217.36,1.38
662575,2023-12-13,58.87,159.13,9.82,1100.00,0.00,300.00,217.36,1.38
662575,2023-12-14,43.21,132.32,10.45,830.00,50.00,300.00,217.36,1.38
662575,2023-12-15,37.38,105.78,9.55,700.00,0.00,250.00,217.36,1.15
662575,2023-12-16,49.54,137.77,8.23,830.00,0.00,300.00,217.36,1.38
662575,2023-12-17,56.01,146.84,11.13,1020.00,0.00,300.00,217.36,1.38
662575,2023-12-18,51.56,140.29,9.63,1260.00,2290.00,350.00,217.36,1.61
662575,2023-12-19,75.66,212.16,18.02,1460.00,500.00,400.00,217.36,1.84
662575,2023-12-20,53.0,152.46,9.82,1180.00,0.00,300.00,217.36,1.38
662575,2023-12-21,47.19,130.48,8.91,,,,,
662578,2023-12-12,14.06,49.8,6.5,,,,,
662578,2023-12-13,14.42,49.96,5.81,,,,,
662578,2023-12-14,14.08,50.56,6.66,,,,,
662578,2023-12-15,0.41,1.82,0.4,,,,,
662578,2023-12-16,27.66,90.65,8.97,,,,,
662578,2023-12-17,50.92,148.77,13.06,,,,,
662578,2023-12-18,10.54,39.49,5.44,,,,,
662578,2023-12-19,16.7,53.39,6.94,,,,,
662578,2023-12-20,17.88,62.41,7.93,,,,,
662578,2023-12-21,10.3,36.71,3.11,,,,,
662591,2023-12-10,51.73,89.81,3.82,0.00,0.00,250.00,217.36,1.15
662591,2023-12-11,148.68,343.05,17.46,1750.00,700.00,750.00,217.36,3.45
662591,2023-12-12,114.8,255.63,17.04,1270.00,50.00,500.00,217.36,2.30
662591,2023-12-13,93.86,263.09,18.22,1500.00,0.00,500.00,217.36,2.30
662591,2023-12-14,76.65,221.99,16.01,1350.00,100.00,500.00,217.36,2.30
662591,2023-12-15,101.95,282.94,14.96,1250.00,0.00,500.00,217.36,2.30
662591,2023-12-16,161.02,369.69,14.07,2070.00,0.00,750.00,217.36,3.45
662591,2023-12-17,47.56,81.04,2.7,0.00,100.00,250.00,217.36,1.15
662591,2023-12-18,45.4,130.64,7.52,930.00,0.00,250.00,217.36,1.15
662591,2023-12-19,109.52,231.12,10.88,1400.00,0.00,500.00,217.36,2.30
662591,2023-12-20,97.98,228.31,12.76,1500.00,100.00,500.00,217.36,2.30
662591,2023-12-21,101.59,267.58,18.25,,,,,
662597,2023-12-10,168.26,282.68,23.74,2500.00,0.00,650.00,217.36,2.99
662597,2023-12-11,122.85,248.79,20.74,1500.00,0.00,450.00,217.36,2.07
662597,2023-12-12,83.59,166.54,15.29,1200.00,0.00,400.00,217.36,1.84
662597,2023-12-13,129.97,257.49,20.75,2800.00,0.00,650.00,217.36,2.99
662597,2023-12-14,130.38,273.18,19.96,2500.00,0.00,600.00,217.36,2.76
662597,2023-12-15,172.66,360.87,27.4,2800.00,0.00,650.00,217.36,2.99
662597,2023-12-16,113.63,231.48,18.17,1500.00,0.00,450.00,217.36,2.07
662597,2023-12-17,99.23,179.39,16.88,1500.00,0.00,500.00,217.36,2.30
662597,2023-12-18,96.12,197.91,16.26,1800.00,0.00,550.00,217.36,2.53
662597,2023-12-19,119.03,240.58,18.33,1900.00,0.00,550.00,217.36,2.53
662597,2023-12-20,145.57,249.87,20.16,2000.00,0.00,600.00,217.36,2.76
662597,2023-12-21,134.2,274.84,27.04,,,,,
662602,2023-12-10,139.55,275.98,21.39,500.00,0.00,300.00,217.36,1.38
662602,2023-12-11,99.73,198.12,9.46,1800.00,0.00,500.00,217.36,2.30
662602,2023-12-12,121.56,221.67,14.86,1000.00,0.00,300.00,217.36,1.38
662602,2023-12-13,128.04,244.77,13.74,1800.00,0.00,400.00,217.36,1.84
662602,2023-12-14,125.48,263.95,16.55,2500.00,0.00,600.00,217.36,2.76
662602,2023-12-15,163.55,315.6,14.98,4000.00,0.00,800.00,217.36,3.68
662602,2023-12-16,127.76,264.91,14.37,1500.00,0.00,300.00,217.36,1.38
662602,2023-12-17,92.87,163.66,11.13,700.00,0.00,200.00,217.36,0.92
662602,2023-12-18,91.04,177.9,11.39,1800.00,0.00,500.00,217.36,2.30
662602,2023-12-19,90.03,176.85,8.53,,,,,
662602,2023-12-20,116.13,205.34,10.0,1200.00,0.00,350.00,217.36,1.61
662602,2023-12-21,135.66,243.54,12.99,,,,,
662638,2023-12-11,82.22,196.2,10.24,1800.00,0.00,750.00,217.36,3.45
662638,2023-12-12,30.74,64.87,2.94,0.00,0.00,400.00,217.36,1.84
662638,2023-12-13,56.9,136.69,9.05,1600.00,0.00,900.00,217.36,4.14
662638,2023-12-14,78.48,152.5,6.61,1200.00,0.00,750.00,217.36,3.45
662638,2023-12-15,81.43,194.02,11.41,800.00,0.00,700.00,217.36,3.22
662638,2023-12-16,51.79,113.04,6.87,0.00,0.00,0.00,217.36,0.00
662638,2023-12-17,27.4,56.04,2.5,0.00,0.00,400.00,217.36,1.84
662638,2023-12-18,86.53,215.63,15.14,1800.00,0.00,800.00,217.36,3.68
662638,2023-12-19,91.74,221.93,13.49,1400.00,0.00,900.00,217.36,4.14
662638,2023-12-20,86.04,186.21,9.69,1400.00,0.00,750.00,217.36,3.45
662638,2023-12-21,79.02,168.02,9.13,,,,,
662641,2023-12-10,91.32,203.4,12.71,0.00,0.00,0.00,217.36,0.00
662641,2023-12-11,86.43,208.32,16.71,0.00,0.00,0.00,217.36,0.00
662641,2023-12-12,77.26,144.38,6.4,0.00,0.00,0.00,217.36,0.00
662641,2023-12-13,125.03,286.17,18.06,0.00,0.00,0.00,217.36,0.00
662641,2023-12-14,83.29,240.87,16.39,0.00,0.00,0.00,217.36,0.00
662641,2023-12-15,121.99,309.67,20.17,0.00,0.00,0.00,217.36,0.00
662641,2023-12-16,156.44,318.26,19.65,0.00,0.00,0.00,217.36,0.00
662641,2023-12-18,115.84,280.01,23.59,0.00,0.00,0.00,217.36,0.00
662641,2023-12-19,139.33,317.72,23.85,0.00,0.00,0.00,217.36,0.00
662641,2023-12-20,118.0,266.64,19.44,0.00,0.00,0.00,217.36,0.00
662641,2023-12-21,84.23,211.11,13.37,,,,,
662673,2023-12-10,103.41,260.33,17.48,2700.00,0.00,600.00,217.36,2.76
662673,2023-12-11,102.36,298.95,20.25,4100.00,600.00,500.00,217.36,2.30
662673,2023-12-12,84.77,233.91,15.11,3000.00,0.00,500.00,217.36,2.30
662673,2023-12-13,143.08,355.02,24.26,3500.00,900.00,600.00,217.36,2.76
662673,2023-12-14,140.65,354.71,21.73,3800.00,0.00,600.00,217.36,2.76
662673,2023-12-15,114.71,345.8,28.65,4700.00,0.00,600.00,217.36,2.76
662673,2023-12-16,122.76,279.92,14.08,0.00,0.00,400.00,217.36,1.84
662673,2023-12-17,14.85,34.81,1.37,3800.00,0.00,700.00,217.36,3.22
662673,2023-12-18,82.45,229.09,12.81,2700.00,0.00,500.00,217.36,2.30
662673,2023-12-19,111.27,320.16,25.2,4900.00,50.00,550.00,217.36,2.53
662673,2023-12-20,109.53,310.63,22.84,5800.00,0.00,700.00,217.36,3.22
662673,2023-12-21,141.38,354.12,23.73,,,,,
662676,2023-12-10,66.18,171.07,41.34,1800.00,0.00,500.00,217.36,2.30
662676,2023-12-11,96.95,310.53,75.56,2700.00,0.00,700.00,217.36,3.22
662676,2023-12-12,42.43,128.54,4.1,2700.00,0.00,600.00,217.36,2.76
662676,2023-12-13,67.76,186.68,14.98,2200.00,0.00,600.00,217.36,2.76
662676,2023-12-14,59.76,157.42,5.75,1800.00,0.00,600.00,217.36,2.76
662676,2023-12-15,105.1,284.88,18.83,4700.00,2400.00,600.00,217.36,2.76
662676,2023-12-16,36.29,162.52,64.17,1600.00,0.00,550.00,217.36,2.53
662676,2023-12-17,75.71,198.06,14.29,2200.00,0.00,800.00,217.36,3.68
662676,2023-12-18,63.96,180.41,24.18,1700.00,700.00,1900.00,217.36,8.74
662676,2023-12-19,52.18,155.98,11.63,1800.00,0.00,900.00,217.36,4.14
662676,2023-12-20,63.53,200.98,33.49,1300.00,0.00,0.00,217.36,0.00
662676,2023-12-21,78.37,166.75,10.71,,,,,
662680,2023-12-10,52.47,135.3,9.37,4000.00,300.00,2000.00,217.36,9.20
662680,2023-12-11,127.72,277.59,14.82,0.00,0.00,4000.00,217.36,18.40
662680,2023-12-12,95.89,207.07,12.02,0.00,0.00,3000.00,217.36,13.80
662680,2023-12-13,208.43,368.27,19.42,4000.00,0.00,1000.00,217.36,4.60
662680,2023-12-14,141.69,305.32,16.15,8000.00,0.00,1000.00,217.36,4.60
662680,2023-12-15,169.15,381.02,16.92,6000.00,0.00,2000.00,217.36,9.20
662680,2023-12-16,116.18,277.59,16.97,,,,,
662680,2023-12-17,93.05,199.51,12.26,3000.00,1200.00,500.00,217.36,2.30
662680,2023-12-18,133.41,264.14,9.32,5000.00,0.00,1000.00,217.36,4.60
662680,2023-12-19,124.41,290.07,19.15,5000.00,0.00,1000.00,217.36,4.60
662680,2023-12-20,100.53,207.29,10.05,5000.00,0.00,1000.00,217.36,4.60
662680,2023-12-21,96.28,221.7,14.92,,,,,
662684,2023-12-10,7.44,21.42,2.22,3600.00,0.00,1000.00,217.36,4.60
662684,2023-12-11,19.79,45.06,2.69,4100.00,0.00,1400.00,217.36,6.44
662703,2023-12-11,62.72,136.64,12.36,1080.00,0.00,400.00,217.36,1.84
662703,2023-12-12,57.46,118.14,13.43,1070.00,0.00,600.00,217.36,2.76
662703,2023-12-13,48.53,113.67,11.13,600.00,0.00,300.00,217.36,1.38
662703,2023-12-14,102.24,183.49,8.85,1250.00,0.00,750.00,217.36,3.45
662703,2023-12-15,66.18,153.13,13.19,920.00,0.00,450.00,217.36,2.07
662703,2023-12-16,86.58,203.1,15.42,1220.00,0.00,650.00,217.36,2.99
662703,2023-12-18,36.91,90.86,7.19,530.00,0.00,300.00,217.36,1.38
662703,2023-12-19,86.93,202.87,15.47,900.00,0.00,600.00,217.36,2.76
662703,2023-12-20,60.34,137.72,10.75,680.00,0.00,600.00,217.36,2.76
662703,2023-12-21,67.94,157.54,15.81,,,,,
662706,2023-12-10,85.28,181.49,15.11,0.00,0.00,300.00,217.36,1.38
662706,2023-12-11,187.58,390.82,22.0,600.00,300.00,500.00,217.36,2.30
662706,2023-12-12,104.45,172.21,7.11,1000.00,0.00,400.00,217.36,1.84
662706,2023-12-13,40.28,108.2,13.11,0.00,1500.00,350.00,217.36,1.61
662706,2023-12-14,70.59,152.74,7.63,600.00,0.00,300.00,217.36,1.38
662706,2023-12-15,118.07,263.2,16.46,900.00,100.00,550.00,217.36,2.53
662706,2023-12-16,158.66,341.16,19.37,1200.00,350.00,700.00,217.36,3.22
662706,2023-12-17,38.08,98.73,9.14,400.00,150.00,200.00,217.36,0.92
662706,2023-12-18,132.92,252.26,16.34,1000.00,300.00,600.00,217.36,2.76
662706,2023-12-19,76.65,199.23,19.03,600.00,0.00,250.00,217.36,1.15
662706,2023-12-20,80.66,205.2,14.89,1000.00,0.00,500.00,217.36,2.30
662706,2023-12-21,42.26,98.08,11.28,,,,,
662809,2023-12-10,30.17,78.48,4.61,0.00,0.00,0.00,217.36,0.00
662809,2023-12-11,86.01,132.39,8.86,2500.00,0.00,0.00,217.36,0.00
662809,2023-12-12,12.47,29.53,1.64,2500.00,0.00,0.00,217.36,0.00
662809,2023-12-13,63.0,109.4,3.77,2500.00,0.00,0.00,217.36,0.00
662809,2023-12-14,108.8,168.63,8.28,2500.00,0.00,1000.00,217.36,4.60
662809,2023-12-15,65.24,115.36,4.74,2500.00,0.00,0.00,217.36,0.00
662809,2023-12-16,48.24,96.38,4.16,2500.00,0.00,1600.00,217.36,7.36
662809,2023-12-17,26.35,81.38,3.52,0.00,0.00,0.00,217.36,0.00
662809,2023-12-18,91.55,176.93,6.93,2500.00,5200.00,0.00,217.36,0.00
662809,2023-12-19,11.71,28.52,2.3,2500.00,0.00,0.00,217.36,0.00
662809,2023-12-20,101.84,173.08,8.52,2500.00,100.00,1000.00,217.36,4.60
662809,2023-12-21,104.59,147.64,6.83,,,,,
662819,2023-12-10,4.28,3.57,0.0,,,,,
662819,2023-12-12,5.99,208.03,199.08,,,,,
662819,2023-12-13,51.32,542.41,360.33,,,,,
662819,2023-12-14,87.48,365.07,107.52,,,,,
662819,2023-12-15,61.56,261.84,96.32,,,,,
662819,2023-12-16,57.31,234.45,67.17,,,,,
662819,2023-12-17,48.9,259.73,125.36,,,,,
662819,2023-12-18,88.16,348.69,89.64,,,,,
662819,2023-12-19,92.58,395.36,131.7,,,,,
662819,2023-12-20,68.63,306.12,114.41,,,,,
662819,2023-12-21,73.65,324.95,110.01,,,,,
662820,2023-12-10,100.04,258.28,21.0,800.00,600.00,0.00,217.36,0.00
662820,2023-12-11,54.09,131.65,10.5,400.00,0.00,500.00,217.36,2.30
662820,2023-12-12,41.11,104.8,6.4,400.00,570.00,1000.00,217.36,4.60
662820,2023-12-13,115.8,271.12,20.54,1000.00,0.00,550.00,217.36,2.53
662820,2023-12-14,69.43,165.27,10.71,400.00,500.00,800.00,217.36,3.68
662820,2023-12-15,108.26,271.5,20.97,900.00,0.00,1200.00,217.36,5.52
662820,2023-12-16,105.45,255.64,18.45,200.00,8500.00,500.00,217.36,2.30
662820,2023-12-17,75.5,206.96,18.27,0.00,100.00,300.00,217.36,1.38
662820,2023-12-18,99.58,215.65,17.18,2500.00,0.00,1500.00,217.36,6.90
662820,2023-12-19,86.83,221.01,18.27,1500.00,0.00,700.00,217.36,3.22
662820,2023-12-20,122.82,284.31,23.8,1500.00,100.00,1000.00,217.36,4.60
662820,2023-12-21,99.0,249.18,18.52,,,,,
662822,2023-12-10,141.63,309.55,18.84,1200.00,100.00,900.00,217.36,4.14
662822,2023-12-11,97.36,228.32,18.22,1200.00,300.00,700.00,217.36,3.22
662822,2023-12-12,89.9,218.14,18.4,900.00,150.00,900.00,217.36,4.14
662822,2023-12-13,87.21,228.1,22.08,1000.00,100.00,900.00,217.36,4.14
662822,2023-12-14,106.84,221.64,9.61,1200.00,0.00,900.00,217.36,4.14
662822,2023-12-16,142.63,319.97,20.55,1500.00,100.00,1000.00,217.36,4.60
662822,2023-12-17,79.62,162.4,8.47,700.00,0.00,300.00,217.36,1.38
662822,2023-12-18,75.01,168.72,14.5,600.00,1000.00,900.00,217.36,4.14
662822,2023-12-19,154.57,305.47,15.75,1500.00,100.00,1000.00,217.36,4.60
662822,2023-12-20,111.4,260.71,24.98,1200.00,0.00,600.00,217.36,2.76
662822,2023-12-21,87.91,199.09,12.92,,,,,
662868,2023-12-10,9.3,27.4,1.15,0.00,0.00,0.00,217.36,0.00
662868,2023-12-11,84.77,201.63,9.5,850.00,0.00,450.00,217.36,2.07
662868,2023-12-12,46.05,100.74,3.37,,,,,
662868,2023-12-13,101.33,206.12,9.17,1600.00,0.00,700.00,217.36,3.22
662868,2023-12-14,55.88,121.86,7.74,1900.00,0.00,900.00,217.36,4.14
662868,2023-12-15,117.26,231.16,15.37,1100.00,0.00,450.00,217.36,2.07
662868,2023-12-16,52.78,143.79,12.62,800.00,100.00,450.00,217.36,2.07
662868,2023-12-17,5.91,17.8,0.47,0.00,100.00,250.00,217.36,1.15
662868,2023-12-18,67.89,144.57,9.98,600.00,0.00,450.00,217.36,2.07
662868,2023-12-19,35.75,74.18,3.78,0.00,0.00,450.00,217.36,2.07
662868,2023-12-20,67.72,161.33,10.0,600.00,0.00,450.00,217.36,2.07
662868,2023-12-21,91.98,152.41,8.69,,,,,
662899,2023-12-10,2.82,7.36,0.32,0.00,0.00,0.00,217.36,0.00
662899,2023-12-11,1.52,2.67,0.0,1500.00,0.00,800.00,217.36,3.68
662899,2023-12-12,53.96,137.96,2.62,700.00,100.00,600.00,217.36,2.76
662899,2023-12-13,13.75,35.01,1.45,1000.00,0.00,700.00,217.36,3.22
662899,2023-12-14,6.79,15.63,1.15,1500.00,0.00,1000.00,217.36,4.60
662899,2023-12-15,78.25,180.23,8.13,1200.00,0.00,900.00,217.36,4.14
662899,2023-12-16,165.68,335.89,12.84,1000.00,0.00,800.00,217.36,3.68
662899,2023-12-17,36.74,84.1,2.83,0.00,0.00,300.00,217.36,1.38
662899,2023-12-18,35.4,80.92,1.98,0.00,0.00,300.00,217.36,1.38
662899,2023-12-19,33.59,78.89,3.33,0.00,0.00,300.00,217.36,1.38
662899,2023-12-20,134.54,265.1,11.03,1000.00,100.00,600.00,217.36,2.76
662899,2023-12-21,59.15,147.46,7.83,,,,,
662902,2023-12-10,19.57,51.5,1.83,0.00,100.00,0.00,217.36,0.00
662902,2023-12-11,137.66,302.62,13.24,1100.00,0.00,450.00,217.36,2.07
662902,2023-12-12,79.15,182.05,10.96,750.00,0.00,300.00,217.36,1.38
662902,2023-12-13,167.26,307.54,12.18,900.00,0.00,450.00,217.36,2.07
662902,2023-12-14,79.99,183.82,13.51,700.00,0.00,350.00,217.36,1.61
662902,2023-12-15,133.25,292.43,15.77,800.00,0.00,450.00,217.36,2.07
662902,2023-12-16,128.35,267.51,13.46,1100.00,0.00,500.00,217.36,2.30
662902,2023-12-18,107.4,228.08,7.82,750.00,650.00,450.00,217.36,2.07
662902,2023-12-19,164.6,312.32,12.85,1050.00,650.00,450.00,217.36,2.07
662902,2023-12-20,152.58,281.26,7.87,700.00,0.00,350.00,217.36,1.61
662902,2023-12-21,84.78,177.07,10.6,,,,,
662965,2023-12-10,34.89,98.24,4.53,200.00,0.00,200.00,217.36,0.92
662965,2023-12-11,11.79,36.68,1.59,0.00,300.00,100.00,217.36,0.46
662965,2023-12-12,20.85,54.38,3.08,350.00,0.00,150.00,217.36,0.69
662965,2023-12-13,37.9,108.29,5.45,400.00,0.00,250.00,217.36,1.15
662965,2023-12-14,45.87,113.26,5.92,500.00,0.00,250.00,217.36,1.15
662965,2023-12-15,44.21,122.53,8.98,500.00,0.00,250.00,217.36,1.15
662965,2023-12-16,20.9,50.51,3.37,100.00,0.00,100.00,217.36,0.46
662965,2023-12-17,41.15,110.76,4.39,200.00,0.00,150.00,217.36,0.69
662965,2023-12-18,45.45,110.21,6.43,500.00,0.00,250.00,217.36,1.15
662965,2023-12-19,27.04,80.97,6.72,400.00,0.00,250.00,217.36,1.15
662965,2023-12-20,42.36,105.77,4.2,400.00,0.00,250.00,217.36,1.15
662965,2023-12-21,58.15,154.83,5.68,,,,,
662968,2023-12-10,52.52,140.65,12.95,1500.00,0.00,400.00,217.36,1.84
662968,2023-12-11,72.23,200.03,17.49,1300.00,0.00,300.00,217.36,1.38
662968,2023-12-12,91.7,232.45,16.11,1200.00,0.00,520.00,217.36,2.39
662968,2023-12-13,62.34,176.78,14.64,1300.00,100.00,400.00,217.36,1.84
662968,2023-12-14,79.36,208.5,12.88,1800.00,0.00,700.00,217.36,3.22
662968,2023-12-15,90.72,232.68,15.65,1200.00,50.00,520.00,217.36,2.39
662968,2023-12-16,79.94,204.32,13.43,1300.00,0.00,450.00,217.36,2.07
662968,2023-12-17,65.33,189.5,16.4,1350.00,100.00,450.00,217.36,2.07
662968,2023-12-18,119.96,285.18,17.57,0.00,100.00,300.00,217.36,1.38
662968,2023-12-19,50.22,129.85,8.9,1500.00,0.00,450.00,217.36,2.07
662968,2023-12-20,96.93,250.33,17.91,1400.00,0.00,400.00,217.36,1.84
662968,2023-12-21,79.95,164.03,10.36,,,,,
662970,2023-12-11,19.97,62.66,4.71,700.00,0.00,200.00,217.36,0.92
662970,2023-12-12,37.01,111.61,8.78,1000.00,0.00,300.00,217.36,1.38
662970,2023-12-13,32.28,96.99,8.38,1200.00,50.00,400.00,217.36,1.84
662970,2023-12-14,34.69,109.95,6.16,1600.00,0.00,500.00,217.36,2.30
662970,2023-12-15,27.6,97.69,11.63,400.00,0.00,200.00,217.36,0.92
662970,2023-12-16,19.63,57.94,5.27,1200.00,0.00,400.00,217.36,1.84
662970,2023-12-17,37.86,112.74,9.51,0.00,0.00,150.00,217.36,0.69
662970,2023-12-18,9.7,32.08,1.57,400.00,0.00,200.00,217.36,0.92
662970,2023-12-19,16.39,50.33,3.33,1000.00,0.00,400.00,217.36,1.84
662970,2023-12-20,26.81,79.13,6.77,700.00,550.00,200.00,217.36,0.92
662970,2023-12-21,59.9,160.68,15.62,,,,,
662971,2023-12-10,103.5,244.0,18.5,1800.00,0.00,600.00,217.36,2.76
662971,2023-12-11,65.99,152.67,8.51,2000.00,0.00,800.00,217.36,3.68
662971,2023-12-12,103.08,227.28,13.17,2200.00,0.00,350.00,217.36,1.61
662971,2023-12-14,78.59,172.81,9.9,1200.00,0.00,350.00,217.36,1.61
662971,2023-12-15,86.09,213.86,11.33,1000.00,0.00,500.00,217.36,2.30
662971,2023-12-16,66.77,170.41,12.27,2000.00,0.00,400.00,217.36,1.84
662971,2023-12-17,83.68,196.92,12.31,1500.00,0.00,500.00,217.36,2.30
662971,2023-12-18,68.75,155.73,6.91,1500.00,0.00,400.00,217.36,1.84
662971,2023-12-19,87.63,217.17,14.31,2500.00,0.00,500.00,217.36,2.30
662971,2023-12-21,88.42,199.52,15.04,,,,,
662973,2023-12-10,56.67,138.07,15.43,1700.00,0.00,500.00,217.36,2.30
662973,2023-12-11,73.62,185.68,20.1,1600.00,0.00,450.00,217.36,2.07
662973,2023-12-12,56.28,145.69,16.6,1750.00,0.00,500.00,217.36,2.30
662973,2023-12-13,82.72,190.67,17.72,1550.00,0.00,400.00,217.36,1.84
662973,2023-12-14,49.25,117.66,10.99,1450.00,0.00,350.00,217.36,1.61
662973,2023-12-15,48.04,130.18,15.74,1400.00,0.00,400.00,217.36,1.84
662973,2023-12-16,79.33,181.7,17.1,1100.00,0.00,300.00,217.36,1.38
662973,2023-12-17,103.13,241.53,19.45,1800.00,0.00,900.00,217.36,4.14
662973,2023-12-18,63.69,166.26,13.03,1250.00,0.00,400.00,217.36,1.84
662973,2023-12-19,53.75,127.61,9.47,1580.00,0.00,600.00,217.36,2.76
662973,2023-12-20,79.53,191.88,21.56,1600.00,0.00,500.00,217.36,2.30
662973,2023-12-21,76.17,189.19,17.96,,,,,
662983,2023-12-13,54.29,126.97,7.68,,,,,
662983,2023-12-14,53.4,150.12,9.46,,,,,
662983,2023-12-15,95.38,269.2,19.43,,,,,
662983,2023-12-16,109.28,320.12,23.52,,,,,
662983,2023-12-17,169.31,297.38,12.77,,,,,
662983,2023-12-18,86.17,217.18,15.33,,,,,
662983,2023-12-19,112.13,280.32,16.29,,,,,
662983,2023-12-20,75.97,223.41,17.24,,,,,
662983,2023-12-21,75.4,204.2,11.18,,,,,
662991,2023-12-10,54.66,142.13,8.2,500.00,0.00,200.00,217.36,0.92
662991,2023-12-11,48.43,141.17,11.63,1000.00,0.00,300.00,217.36,1.38
662991,2023-12-12,59.83,158.23,8.83,550.00,0.00,300.00,217.36,1.38
662991,2023-12-13,69.82,199.6,13.68,2450.00,400.00,550.00,217.36,2.53
662991,2023-12-14,37.56,108.19,7.71,700.00,0.00,300.00,217.36,1.38
662991,2023-12-15,79.01,219.1,16.91,2500.00,0.00,600.00,217.36,2.76
662991,2023-12-16,94.6,209.17,13.24,2200.00,500.00,500.00,217.36,2.30
662991,2023-12-17,7.86,27.07,2.33,0.00,0.00,0.00,217.36,0.00
662991,2023-12-18,71.92,191.79,14.95,2500.00,0.00,500.00,217.36,2.30
662991,2023-12-19,94.61,274.29,21.14,2500.00,0.00,500.00,217.36,2.30
662991,2023-12-20,51.83,157.59,15.17,1500.00,400.00,400.00,217.36,1.84
662991,2023-12-21,61.23,176.83,12.02,,,,,
662998,2023-12-10,57.18,178.69,10.12,1500.00,0.00,550.00,217.36,2.53
662998,2023-12-11,44.44,139.06,10.98,800.00,100.00,450.00,217.36,2.07
662998,2023-12-12,37.86,128.44,9.61,1000.00,1100.00,400.00,217.36,1.84
662998,2023-12-13,57.33,168.69,10.69,1200.00,0.00,400.00,217.36,1.84
662998,2023-12-14,31.12,93.41,5.64,1400.00,100.00,600.00,217.36,2.76
662998,2023-12-15,52.89,165.14,9.46,700.00,0.00,400.00,217.36,1.84
662998,2023-12-16,57.02,177.41,13.58,1100.00,100.00,500.00,217.36,2.30
662998,2023-12-17,50.57,160.97,9.97,1250.00,150.00,550.00,217.36,2.53
662998,2023-12-18,55.17,171.05,10.79,900.00,0.00,400.00,217.36,1.84
662998,2023-12-19,32.75,94.2,5.96,600.00,1750.00,350.00,217.36,1.61
662998,2023-12-20,24.05,82.32,5.35,1000.00,100.00,400.00,217.36,1.84
662998,2023-12-21,23.9,81.6,4.71,,,,,
663000,2023-12-10,47.63,131.99,11.4,400.00,100.00,200.00,217.36,0.92
663000,2023-12-11,91.28,248.0,23.02,1200.00,0.00,640.00,217.36,2.94
663000,2023-12-12,83.38,202.75,16.42,900.00,0.00,640.00,217.36,2.94
663000,2023-12-13,105.56,234.18,19.48,800.00,0.00,620.00,217.36,2.85
663000,2023-12-14,29.0,81.17,8.72,1340.00,0.00,640.00,217.36,2.94
663000,2023-12-17,20.72,62.22,4.24,400.00,0.00,220.00,217.36,1.01
663000,2023-12-18,98.15,278.05,21.45,1250.00,0.00,660.00,217.36,3.04
663000,2023-12-19,82.31,220.53,18.55,1000.00,0.00,660.00,217.36,3.04
663000,2023-12-20,110.49,296.45,24.31,1300.00,0.00,660.00,217.36,3.04
663000,2023-12-21,107.53,266.04,28.02,,,,,
663001,2023-12-10,51.86,170.94,49.9,700.00,150.00,0.00,217.36,0.00
663001,2023-12-11,72.96,182.14,17.67,1210.00,0.00,0.00,217.36,0.00
663001,2023-12-12,49.96,127.26,15.4,1260.00,0.00,500.00,217.36,2.30
663001,2023-12-13,86.3,228.5,20.12,1880.00,0.00,500.00,217.36,2.30
663001,2023-12-14,66.2,183.45,18.7,1700.00,600.00,500.00,217.36,2.30
663001,2023-12-15,72.97,206.37,16.0,1480.00,0.00,500.00,217.36,2.30
663001,2023-12-16,115.57,312.42,24.11,2340.00,0.00,500.00,217.36,2.30
663001,2023-12-17,67.43,206.78,36.12,1200.00,100.00,500.00,217.36,2.30
663001,2023-12-18,82.83,224.03,19.17,1710.00,0.00,500.00,217.36,2.30
663001,2023-12-19,79.51,220.46,22.26,1870.00,0.00,500.00,217.36,2.30
663001,2023-12-20,90.01,240.65,20.26,1750.00,0.00,500.00,217.36,2.30
663001,2023-12-21,71.34,198.86,20.18,,,,,
663023,2023-12-10,16.98,51.83,4.06,800.00,100.00,350.00,217.36,1.61
663023,2023-12-11,22.63,56.43,4.81,900.00,50.00,400.00,217.36,1.84
663023,2023-12-12,24.96,82.64,6.72,1900.00,0.00,800.00,217.36,3.68
663023,2023-12-13,32.26,105.16,8.58,1200.00,100.00,500.00,217.36,2.30
663023,2023-12-14,72.21,223.56,14.08,1600.00,50.00,650.00,217.36,2.99
663023,2023-12-15,39.28,127.33,9.14,1100.00,200.00,600.00,217.36,2.76
663023,2023-12-16,29.79,95.0,7.8,1100.00,0.00,500.00,217.36,2.30
663023,2023-12-17,46.99,147.04,8.78,900.00,100.00,400.00,217.36,1.84
663023,2023-12-18,49.35,167.29,16.44,1200.00,0.00,550.00,217.36,2.53
663023,2023-12-19,64.98,185.67,10.36,900.00,0.00,550.00,217.36,2.53
663023,2023-12-20,34.97,107.49,7.27,1100.00,100.00,600.00,217.36,2.76
663023,2023-12-21,41.49,136.52,10.36,,,,,
663045,2023-12-10,31.05,73.63,3.63,,,,,
663045,2023-12-11,8.13,24.96,1.83,,,,,
663045,2023-12-12,55.0,127.93,7.98,,,,,
663045,2023-12-13,83.55,202.94,13.42,,,,,
663045,2023-12-14,75.24,193.28,17.57,,,,,
663045,2023-12-15,100.63,228.29,16.32,,,,,
663045,2023-12-16,90.54,215.18,13.98,,,,,
663045,2023-12-17,89.58,229.95,13.94,,,,,
663045,2023-12-18,88.92,240.93,17.5,,,,,
663045,2023-12-19,142.81,335.67,21.92,,,,,
663045,2023-12-20,139.79,325.79,24.12,,,,,
663045,2023-12-21,132.99,292.48,17.38,,,,,
663116,2023-12-10,45.0,117.07,10.12,600.00,0.00,300.00,217.36,1.38
663116,2023-12-11,28.72,81.04,7.48,1500.00,0.00,700.00,217.36,3.22
663116,2023-12-12,44.74,106.52,8.74,1700.00,500.00,800.00,217.36,3.68
663116,2023-12-13,34.47,98.67,5.33,1000.00,0.00,500.00,217.36,2.30
663116,2023-12-14,25.86,69.09,3.2,1300.00,0.00,600.00,217.36,2.76
663116,2023-12-15,20.13,54.06,3.07,1400.00,650.00,700.00,217.36,3.22
663116,2023-12-16,54.01,126.42,7.74,1100.00,0.00,600.00,217.36,2.76
663116,2023-12-18,50.72,109.45,6.45,1500.00,100.00,700.00,217.36,3.22
663116,2023-12-19,67.51,137.69,7.28,1600.00,0.00,750.00,217.36,3.45
663116,2023-12-20,92.78,185.43,10.37,1300.00,0.00,600.00,217.36,2.76
663116,2023-12-21,22.49,63.91,3.58,,,,,
665284,2023-12-10,22.17,46.15,4.84,1200.00,0.00,500.00,217.36,2.30
665328,2023-12-10,132.34,311.67,30.79,1200.00,0.00,400.00,217.36,1.84
665328,2023-12-11,80.73,219.62,24.81,1000.00,3500.00,400.00,217.36,1.84
665328,2023-12-12,111.19,254.88,24.0,900.00,0.00,400.00,217.36,1.84
665328,2023-12-13,95.5,259.1,27.08,1200.00,200.00,500.00,217.36,2.30
665328,2023-12-14,72.16,192.11,17.31,600.00,200.00,350.00,217.36,1.61
665328,2023-12-15,86.26,218.14,16.1,500.00,0.00,300.00,217.36,1.38
665328,2023-12-16,60.87,168.64,16.76,800.00,0.00,400.00,217.36,1.84
665328,2023-12-17,76.73,210.07,22.87,1200.00,100.00,400.00,217.36,1.84
665328,2023-12-18,89.7,227.05,22.27,700.00,0.00,300.00,217.36,1.38
665328,2023-12-19,76.03,195.71,15.8,500.00,0.00,350.00,217.36,1.61
665328,2023-12-20,39.7,107.41,10.19,800.00,100.00,400.00,217.36,1.84
665328,2023-12-21,123.8,318.21,24.92,,,,,
665377,2023-12-10,150.54,382.48,30.1,1700.00,100.00,600.00,217.36,2.76
665377,2023-12-11,120.71,327.13,28.16,1500.00,650.00,600.00,217.36,2.76
665377,2023-12-12,99.33,243.82,22.35,1700.00,0.00,500.00,217.36,2.30
665377,2023-12-13,125.92,305.55,27.72,1800.00,0.00,500.00,217.36,2.30
665377,2023-12-14,120.68,304.18,21.06,2300.00,0.00,700.00,217.36,3.22
665377,2023-12-15,98.12,191.12,11.82,1700.00,0.00,400.00,217.36,1.84
665377,2023-12-21,9.39,13.27,0.47,,,,,
665388,2023-12-10,92.39,198.67,13.18,2900.00,100.00,1000.00,217.36,4.60
665388,2023-12-11,98.66,207.21,14.05,2700.00,100.00,1000.00,217.36,4.60
665388,2023-12-12,93.81,196.41,14.45,2200.00,300.00,1000.00,217.36,4.60
665388,2023-12-13,23.42,58.46,4.39,2000.00,100.00,1000.00,217.36,4.60
665388,2023-12-14,116.99,246.66,16.72,2700.00,100.00,1000.00,217.36,4.60
665388,2023-12-15,26.02,68.72,6.85,2600.00,100.00,1000.00,217.36,4.60
665388,2023-12-16,80.18,176.49,8.82,2200.00,100.00,1000.00,217.36,4.60
665388,2023-12-17,94.91,228.52,19.73,900.00,100.00,1000.00,217.36,4.60
665388,2023-12-18,76.15,168.84,10.85,2400.00,100.00,1000.00,217.36,4.60
665388,2023-12-19,112.53,224.02,13.36,3200.00,100.00,1000.00,217.36,4.60
665388,2023-12-20,57.98,115.59,5.49,2000.00,100.00,1000.00,217.36,4.60
665388,2023-12-21,114.32,222.21,11.74,,,,,
665393,2023-12-10,104.77,245.59,17.41,500.00,0.00,600.00,217.36,2.76
665393,2023-12-11,58.67,181.79,18.02,600.00,0.00,400.00,217.36,1.84
665393,2023-12-12,45.71,139.09,16.15,750.00,0.00,350.00,217.36,1.61
665393,2023-12-13,100.75,201.05,10.33,950.00,0.00,450.00,217.36,2.07
665393,2023-12-14,90.1,223.83,22.06,600.00,0.00,400.00,217.36,1.84
665393,2023-12-15,104.66,282.49,24.17,800.00,100.00,450.00,217.36,2.07
665393,2023-12-16,96.42,254.6,24.31,1350.00,0.00,600.00,217.36,2.76
665393,2023-12-17,121.97,304.35,27.77,800.00,200.00,400.00,217.36,1.84
665393,2023-12-18,110.03,270.2,18.85,800.00,0.00,500.00,217.36,2.30
665393,2023-12-19,143.9,338.65,25.24,1350.00,100.00,600.00,217.36,2.76
665393,2023-12-20,92.01,257.91,26.48,800.00,0.00,450.00,217.36,2.07
665393,2023-12-21,94.76,225.97,15.02,,,,,
665819,2023-12-10,31.96,56.41,2.66,0.00,0.00,200.00,217.36,0.92
665819,2023-12-11,105.44,257.24,13.29,5400.00,0.00,600.00,217.36,2.76
665819,2023-12-12,76.17,161.37,5.9,4300.00,0.00,600.00,217.36,2.76
665819,2023-12-13,93.19,228.15,11.38,4600.00,0.00,600.00,217.36,2.76
665819,2023-12-14,102.75,261.53,10.83,4500.00,0.00,600.00,217.36,2.76
665819,2023-12-15,156.94,312.03,13.77,5400.00,0.00,600.00,217.36,2.76
665819,2023-12-16,109.4,204.1,8.61,4300.00,0.00,600.00,217.36,2.76
665819,2023-12-17,64.47,133.78,5.06,1400.00,0.00,250.00,217.36,1.15
665819,2023-12-18,141.16,299.79,12.24,5200.00,0.00,600.00,217.36,2.76
665819,2023-12-19,68.91,178.57,10.64,4700.00,0.00,650.00,217.36,2.99
665819,2023-12-20,120.5,224.23,9.07,5400.00,0.00,600.00,217.36,2.76
665819,2023-12-21,151.87,273.76,11.13,,,,,
665835,2023-12-11,104.84,275.18,17.82,2200.00,1800.00,800.00,217.36,3.68
665835,2023-12-13,52.36,149.55,10.76,1800.00,0.00,800.00,217.36,3.68
665835,2023-12-14,107.83,257.43,15.26,2000.00,0.00,900.00,217.36,4.14
665835,2023-12-15,101.75,251.59,11.98,2700.00,0.00,1200.00,217.36,5.52
665835,2023-12-16,79.1,164.61,7.45,,,,,
678813,2023-12-10,51.89,65.63,1.42,0.00,0.00,1300.00,217.36,5.98
678813,2023-12-11,172.1,328.05,14.43,2400.00,0.00,800.00,217.36,3.68
678813,2023-12-12,74.9,128.83,7.48,1200.00,0.00,450.00,217.36,2.07
678813,2023-12-13,173.82,356.84,15.52,1050.00,6950.00,400.00,217.36,1.84
678813,2023-12-14,122.39,227.23,9.32,1150.00,0.00,500.00,217.36,2.30
678813,2023-12-15,126.13,294.64,16.37,700.00,0.00,350.00,217.36,1.61
678813,2023-12-16,204.75,364.77,15.04,0.00,3500.00,300.00,217.36,1.38
678813,2023-12-17,89.06,140.26,2.73,0.00,0.00,0.00,217.36,0.00
678813,2023-12-18,123.45,254.26,13.54,1450.00,0.00,600.00,217.36,2.76
678813,2023-12-19,144.86,296.31,10.46,1150.00,0.00,500.00,217.36,2.30
678813,2023-12-20,139.39,290.44,14.24,1350.00,0.00,600.00,217.36,2.76
678813,2023-12-21,202.92,398.62,19.62,,,,,
680955,2023-12-11,119.87,265.36,11.5,2000.00,0.00,500.00,217.36,2.30
680955,2023-12-12,72.0,164.29,9.77,1800.00,0.00,700.00,217.36,3.22
680955,2023-12-13,108.85,253.29,12.16,1300.00,0.00,550.00,217.36,2.53
680955,2023-12-14,100.82,224.94,11.86,1700.00,0.00,500.00,217.36,2.30
680955,2023-12-15,92.51,219.22,12.18,2000.00,0.00,750.00,217.36,3.45
680955,2023-12-16,85.88,200.49,15.7,1000.00,0.00,400.00,217.36,1.84
680955,2023-12-17,1.22,4.5,0.47,0.00,0.00,0.00,217.36,0.00
680955,2023-12-18,66.74,161.32,9.93,2300.00,0.00,750.00,217.36,3.45
680955,2023-12-19,98.49,222.18,10.14,2700.00,0.00,780.00,217.36,3.59
680955,2023-12-20,52.46,111.15,6.0,1800.00,0.00,750.00,217.36,3.45
680955,2023-12-21,61.01,159.29,10.77,,,,,
680968,2023-12-10,1.94,7.91,1.13,,,,,
680968,2023-12-11,51.3,138.2,9.56,,,,,
680968,2023-12-12,41.22,90.08,4.95,,,,,
680968,2023-12-13,41.2,98.05,6.19,,,,,
680968,2023-12-14,61.92,142.06,7.73,,,,,
680968,2023-12-15,77.83,183.51,12.19,,,,,
680968,2023-12-16,55.81,133.99,8.12,,,,,
680968,2023-12-17,4.12,14.41,1.27,,,,,
680968,2023-12-18,33.94,91.23,7.06,,,,,
680968,2023-12-19,89.69,206.3,14.11,,,,,
680968,2023-12-20,66.88,167.78,10.17,,,,,
680968,2023-12-21,108.74,223.23,12.46,,,,,
680971,2023-12-10,40.95,98.4,6.97,0.00,0.00,0.00,217.36,0.00
680971,2023-12-11,143.86,349.6,26.18,3500.00,0.00,900.00,217.36,4.14
680971,2023-12-12,115.07,238.28,11.99,4500.00,0.00,1950.00,217.36,8.97
680971,2023-12-13,152.99,339.58,20.38,2500.00,0.00,800.00,217.36,3.68
680971,2023-12-14,126.91,271.27,14.07,1200.00,0.00,600.00,217.36,2.76
680971,2023-12-15,151.89,334.38,23.63,1500.00,0.00,700.00,217.36,3.22
680971,2023-12-16,76.91,182.32,14.89,2900.00,0.00,1350.00,217.36,6.21
680971,2023-12-17,19.76,31.34,1.32,0.00,0.00,0.00,217.36,0.00
680971,2023-12-18,119.23,275.72,21.12,2400.00,0.00,900.00,217.36,4.14
680971,2023-12-19,107.1,251.13,21.06,2800.00,0.00,1200.00,217.36,5.52
680971,2023-12-20,79.94,186.22,13.97,2400.00,0.00,900.00,217.36,4.14
680971,2023-12-21,108.45,251.28,15.91,,,,,
752777,2023-12-10,36.38,77.08,3.63,1300.00,0.00,0.00,217.36,0.00
752777,2023-12-11,115.11,244.42,13.59,1200.00,0.00,0.00,217.36,0.00
752777,2023-12-12,63.94,125.86,5.95,950.00,0.00,0.00,217.36,0.00
752777,2023-12-13,106.4,213.69,10.26,2200.00,0.00,1500.00,217.36,6.90
752777,2023-12-14,72.9,169.98,8.61,2200.00,1600.00,0.00,217.36,0.00
752777,2023-12-15,24.67,57.78,2.58,1200.00,0.00,0.00,217.36,0.00
752777,2023-12-16,43.02,98.13,5.88,600.00,0.00,0.00,217.36,0.00
752777,2023-12-17,60.12,132.54,8.41,2300.00,0.00,0.00,217.36,0.00
752777,2023-12-18,83.22,174.14,11.43,1800.00,0.00,0.00,217.36,0.00
752777,2023-12-19,69.67,150.81,9.42,1650.00,0.00,0.00,217.36,0.00
752777,2023-12-20,91.74,196.82,10.07,2200.00,0.00,1150.00,217.36,5.29
752777,2023-12-21,84.39,177.63,8.09,,,,,
752933,2023-12-11,122.01,246.43,13.29,4000.00,0.00,1150.00,217.36,5.29
752933,2023-12-12,119.86,220.84,10.19,1500.00,0.00,600.00,217.36,2.76
752933,2023-12-13,186.32,341.13,12.08,2800.00,0.00,1100.00,217.36,5.06
752933,2023-12-14,184.26,333.02,15.21,3500.00,100.00,1000.00,217.36,4.60
752933,2023-12-15,154.2,330.59,17.68,5000.00,0.00,1370.00,217.36,6.30
752933,2023-12-16,198.73,359.55,17.45,4800.00,0.00,1400.00,217.36,6.44
752933,2023-12-17,0.82,3.15,0.37,0.00,1100.00,0.00,217.36,0.00
752933,2023-12-18,168.7,289.2,10.09,4500.00,0.00,1400.00,217.36,6.44
752933,2023-12-19,184.99,364.96,13.74,6000.00,0.00,1500.00,217.36,6.90
752933,2023-12-20,233.88,393.96,15.54,3000.00,0.00,1200.00,217.36,5.52
752933,2023-12-21,180.52,319.62,11.9,,,,,
752970,2023-12-10,73.89,150.85,8.81,0.00,0.00,0.00,217.36,0.00
752970,2023-12-11,149.47,269.09,16.37,2700.00,0.00,700.00,217.36,3.22
752970,2023-12-12,58.43,125.31,6.68,700.00,0.00,300.00,217.36,1.38
752970,2023-12-13,91.76,179.23,9.92,3900.00,0.00,800.00,217.36,3.68
752970,2023-12-14,110.39,226.16,11.81,3100.00,0.00,670.00,217.36,3.08
752970,2023-12-15,125.35,253.34,12.7,4600.00,100.00,900.00,217.36,4.14
752970,2023-12-16,157.89,282.38,11.85,4600.00,1210.00,900.00,217.36,4.14
752970,2023-12-18,93.2,200.83,11.94,4200.00,50.00,720.00,217.36,3.31
752970,2023-12-19,150.01,298.7,16.95,4600.00,0.00,900.00,217.36,4.14
752970,2023-12-20,192.87,371.72,17.96,4300.00,0.00,700.00,217.36,3.22
752970,2023-12-21,167.56,311.22,15.63,,,,,
752971,2023-12-10,129.66,329.95,29.41,3000.00,150.00,500.00,217.36,2.30
752971,2023-12-11,165.87,376.48,30.64,1800.00,0.00,500.00,217.36,2.30
752971,2023-12-12,116.81,315.08,29.29,2000.00,0.00,500.00,217.36,2.30
752971,2023-12-13,132.65,340.56,27.12,1800.00,0.00,500.00,217.36,2.30
752971,2023-12-14,172.74,398.68,24.08,3500.00,0.00,1800.00,217.36,8.28
752971,2023-12-15,137.01,342.96,24.09,2550.00,150.00,600.00,217.36,2.76
752971,2023-12-16,94.37,254.32,23.0,1500.00,0.00,0.00,217.36,0.00
752971,2023-12-17,131.97,307.07,25.5,1600.00,1050.00,650.00,217.36,2.99
752971,2023-12-18,151.31,355.76,30.15,1700.00,0.00,650.00,217.36,2.99
752971,2023-12-19,122.26,290.45,25.31,1600.00,0.00,650.00,217.36,2.99
752971,2023-12-20,155.52,358.99,26.75,2200.00,0.00,1100.00,217.36,5.06
752971,2023-12-21,172.76,423.08,34.11,,,,,
754669,2023-12-10,22.14,70.75,9.88,500.00,50.00,150.00,217.36,0.69
754669,2023-12-11,48.92,119.85,6.61,900.00,300.00,300.00,217.36,1.38
754669,2023-12-12,47.41,131.06,9.97,750.00,0.00,200.00,217.36,0.92
754669,2023-12-13,32.53,96.8,8.65,800.00,150.00,200.00,217.36,0.92
754669,2023-12-14,31.05,81.31,5.92,800.00,300.00,200.00,217.36,0.92
754669,2023-12-15,31.74,105.85,9.23,1000.00,0.00,250.00,217.36,1.15
754669,2023-12-16,58.61,136.25,9.83,1500.00,150.00,300.00,217.36,1.38
754669,2023-12-17,63.74,142.33,8.03,1800.00,150.00,600.00,217.36,2.76
754669,2023-12-18,40.87,107.65,9.0,750.00,50.00,200.00,217.36,0.92
754669,2023-12-19,128.85,265.12,17.71,1500.00,150.00,500.00,217.36,2.30
754669,2023-12-20,50.04,129.24,11.69,1200.00,0.00,300.00,217.36,1.38
754669,2023-12-21,38.58,114.24,10.66,,,,,
757513,2023-12-10,11.68,36.19,2.29,0.00,1250.00,0.00,217.36,0.00
757513,2023-12-11,102.25,214.28,13.79,1500.00,0.00,1000.00,217.36,4.60
757513,2023-12-12,54.78,125.91,9.97,800.00,0.00,0.00,217.36,0.00
757513,2023-12-13,85.54,170.93,10.5,1700.00,0.00,1000.00,217.36,4.60
757513,2023-12-14,104.75,213.76,12.07,1800.00,0.00,0.00,217.36,0.00
757513,2023-12-15,125.12,242.96,14.27,2100.00,0.00,1200.00,217.36,5.52
757513,2023-12-16,79.0,160.19,10.94,1000.00,0.00,0.00,217.36,0.00
757513,2023-12-18,105.18,206.06,12.47,1500.00,0.00,1100.00,217.36,5.06
757513,2023-12-19,83.03,171.94,10.27,2100.00,0.00,0.00,217.36,0.00
757513,2023-12-20,120.31,248.81,17.85,1800.00,0.00,0.00,217.36,0.00
757513,2023-12-21,143.72,275.82,12.75,,,,,
757756,2023-12-11,53.38,129.16,6.76,450.00,0.00,300.00,217.36,1.38
757756,2023-12-12,43.81,109.35,3.51,400.00,0.00,300.00,217.36,1.38
757756,2023-12-13,55.67,133.59,5.91,400.00,0.00,300.00,217.36,1.38
757756,2023-12-14,42.4,106.24,5.61,450.00,750.00,300.00,217.36,1.38
757756,2023-12-15,32.94,84.0,4.05,0.00,0.00,300.00,217.36,1.38
757756,2023-12-16,74.05,147.22,5.43,200.00,0.00,700.00,217.36,3.22
757756,2023-12-17,62.2,103.64,1.8,0.00,580.00,500.00,217.36,2.30
757756,2023-12-18,38.76,97.04,5.39,500.00,0.00,200.00,217.36,0.92
757756,2023-12-19,92.08,233.95,15.79,1600.00,0.00,300.00,217.36,1.38
757756,2023-12-20,70.94,178.72,14.0,1300.00,700.00,600.00,217.36,2.76
757756,2023-12-21,81.77,227.64,14.94,,,,,
757788,2023-12-10,89.97,225.75,17.01,1700.00,0.00,646.00,217.36,2.97
757788,2023-12-11,121.07,311.24,20.64,2100.00,100.00,500.00,217.36,2.30
757788,2023-12-12,122.33,292.38,15.86,2400.00,0.00,500.00,217.36,2.30
757788,2023-12-13,120.69,298.95,25.1,3500.00,0.00,900.00,217.36,4.14
757788,2023-12-14,73.72,208.61,15.62,1700.00,900.00,500.00,217.36,2.30
757788,2023-12-15,64.08,148.73,10.03,1000.00,0.00,500.00,217.36,2.30
757788,2023-12-16,116.3,292.72,21.89,2700.00,0.00,500.00,217.36,2.30
757788,2023-12-17,113.16,291.21,19.83,2300.00,0.00,400.00,217.36,1.84
757788,2023-12-18,145.82,452.09,137.34,2000.00,0.00,500.00,217.36,2.30
757788,2023-12-19,98.7,455.99,218.48,1800.00,0.00,500.00,217.36,2.30
757788,2023-12-20,125.34,318.34,25.33,2300.00,0.00,700.00,217.36,3.22
757788,2023-12-21,113.59,300.47,21.78,,,,,
769744,2023-12-10,51.46,118.86,5.91,,,,,
769744,2023-12-11,130.61,282.04,14.91,4000.00,0.00,500.00,217.36,2.30
769744,2023-12-12,54.67,127.95,9.84,4500.00,0.00,660.00,217.36,3.04
769744,2023-12-13,99.9,228.6,14.26,2900.00,0.00,500.00,217.36,2.30
769744,2023-12-14,148.36,335.79,20.61,2100.00,0.00,500.00,217.36,2.30
769744,2023-12-15,122.43,288.53,19.58,1500.00,100.00,500.00,217.36,2.30
769744,2023-12-16,43.45,103.56,6.8,1400.00,0.00,450.00,217.36,2.07
769744,2023-12-17,12.05,28.59,2.66,200.00,0.00,0.00,217.36,0.00
769744,2023-12-18,108.34,234.64,14.11,1600.00,0.00,500.00,217.36,2.30
769744,2023-12-19,91.93,219.86,13.83,1200.00,0.00,500.00,217.36,2.30
769744,2023-12-20,84.75,197.38,15.59,1900.00,0.00,500.00,217.36,2.30
769744,2023-12-21,197.97,397.0,31.4,,,,,
769745,2023-12-10,6.64,19.41,1.51,800.00,0.00,400.00,217.36,1.84
769745,2023-12-11,4.69,12.73,1.1,4000.00,0.00,900.00,217.36,4.14
769745,2023-12-12,24.87,75.28,8.39,700.00,0.00,300.00,217.36,1.38
769745,2023-12-13,21.71,57.67,8.92,2200.00,0.00,800.00,217.36,3.68
769745,2023-12-14,8.31,28.58,2.87,3000.00,0.00,900.00,217.36,4.14
769745,2023-12-15,18.19,53.97,6.39,2500.00,300.00,800.00,217.36,3.68
769745,2023-12-16,15.7,45.49,4.95,2000.00,0.00,800.00,217.36,3.68
769745,2023-12-17,8.78,28.6,3.67,700.00,0.00,400.00,217.36,1.84
769745,2023-12-18,38.47,94.28,8.5,1500.00,0.00,1000.00,217.36,4.60
769745,2023-12-19,7.87,15.68,2.01,3000.00,0.00,1200.00,217.36,5.52
769745,2023-12-20,33.88,89.69,12.18,2000.00,0.00,1000.00,217.36,4.60
769745,2023-12-21,67.17,169.63,14.44,,,,,
769747,2023-12-10,9.57,24.6,0.59,0.00,100.00,0.00,217.36,0.00
769747,2023-12-11,132.17,288.65,20.73,2500.00,0.00,400.00,217.36,1.84
769747,2023-12-12,95.4,274.71,24.38,2600.00,0.00,600.00,217.36,2.76
769747,2023-12-13,110.82,285.81,22.43,2100.00,0.00,2400.00,217.36,11.04
769747,2023-12-14,84.05,239.1,21.23,2700.00,0.00,0.00,217.36,0.00
769747,2023-12-15,94.59,234.44,18.1,2200.00,100.00,0.00,217.36,0.00
769747,2023-12-16,134.85,314.64,25.34,3100.00,0.00,0.00,217.36,0.00
769747,2023-12-17,5.65,19.09,3.38,0.00,0.00,0.00,217.36,0.00
769747,2023-12-18,75.57,224.94,18.86,2600.00,0.00,0.00,217.36,0.00
769747,2023-12-19,114.69,278.6,19.38,2500.00,890.00,2400.00,217.36,11.04
769747,2023-12-20,144.32,307.82,21.63,3200.00,0.00,0.00,217.36,0.00
769747,2023-12-21,109.71,308.88,25.94,,,,,
