Country,"Final Consumption 
Transport Oil Products 
(Gas & Diesel) ktoe","Net Electricity Generation 
(GWh) (EIA 2021)","Transport 
EV Consumption (ktoe)","Potential 30 Percent EV 
cons (GWh)","Total Cons with EVs 
(GWh)",% Added Gen Required,Potential EV Cons (GWh),"Commercial Elec Price 
($/kWh, 2022)",EV Revenue ($) (millions),"Scoring: 
Low: <$30M, Medium: $30-$110M, High: >$110M",Score,Source(s)
Burundi,54.0,357.99,15.6448598130841,54.5849158878504,412.57491588785,15.247609119766,54.58491589,0.158,8624416.71,Low,0.3333333333,
DR Congo,658.0,11039.64,190.635514018691,665.127308411214,11704.7673084112,6.02490034467803,665.1273084,0.078,51879930.06,Medium,0.6666666667,
Kenya,2950.0,11832.51,854.672897196261,2981.95373831775,14814.4637383177,25.2013625031185,2981.953738,0.143,426419384.6,High,1.0,
Rwanda,66.0,854.65,19.1214953271028,66.7148971962616,921.364897196261,7.80610743535501,66.7148972,0.081,5403906.673,Low,0.3333333333,
Somalia,28.0,407.88,8.11214953271028,28.3032897196261,436.183289719626,6.93912173179026,28.30328972,0.079,2235959.888,Low,0.3333333333,
South Sudan,296.0,569.32,85.7570093457943,299.206205607476,868.526205607476,52.5550139829053,299.2062056,0.42,125666606.4,High,1.0,
Tanzania,2695.0,8168.69,780.794392523364,2724.19163551401,10892.881635514,33.349186167109,2724.191636,0.095,258798205.4,High,1.0,
Uganda,1074.0,4401.01,311.158878504672,1085.6333271028,5486.6433271028,24.6678223203947,1085.633327,0.13,141132332.5,High,1.0,
