Country,Electricity net generation (billion kWh),Nuclear,Renewables,Fossil Fuels,% Clean,% Dirty,"Scoring: 
Low: <33%, Medium:33%-66%, High: >66%",Score,Source(s)
Burundi,0.35799164,0,0.233788,0.12420364,0.6530543562,0.3469456438,Medium,0.6666666667,
DR Congo,11.0396413,0,11.034,0.00564133,0.9994889961,0.0005110066393,High,1.0,
Kenya,11.8325139,0,10.8841707,0.9483432,0.9198527711,0.0801472289,High,1.0,
Rwanda,0.8546512,0,0.508,0.3466512,0.5943945319,0.4056054681,Medium,0.6666666667,
Somalia,0.40788,0,0.03548,0.3724,0.08698636854,0.9130136315,Low,0.3333333333,
South Sudan,0.56932352,0,0.01,0.55932352,0.01756470556,0.9824352944,Low,0.3333333333,
Tanzania,8.16869051,0,3.206,4.96269051,0.3924741666,0.6075258334,Medium,0.6666666667,
Uganda,4.40101286,0,4.33833824,0.06267462,0.9857590464,0.01424095362,High,1.0,
